name,age,street,city,state,zip,lng,lat
Robin Hill,58,256 Diane Mission,Langton,Iowa,57920,89.438553,-11.544307
Parker Stone,67,2143 Nunez Isle,Shellyborough,Delaware,11567,26.731914,48.7766565
Jon Williams,70,118 William Orchard,New Joseph,New Mexico,57672,-143.089278,-19.4979355
Margaret Ramirez,23,00524 Donna Ferry,North Chelseyland,Arizona,48757,-132.972596,74.3591915
Peggy Little,49,04891 Moore Light,West Laurenport,Illinois,53549,-32.361942,-37.997934
Dr. Dustin Cordova Jr.,26,1480 Stephanie Junctions,Kellyhaven,Connecticut,39859,-86.128745,-84.7380135
Charles Mcclure,50,68167 Brooks Falls,Lake Tracie,Virginia,09354,6.377664,45.457883
Elizabeth Abbott,20,80202 Michael Trail,West Kathryn,Indiana,71082,39.121136,-66.108936
Howard Reyes,52,22637 Black Port,Clarkstad,New Mexico,02921,145.694064,19.2839805
Karina Rosales,20,11258 Eric Vista,East Christopher,Oklahoma,96269,129.585986,-62.2792115
Samantha Johnson,78,804 Yang Grove,Cynthiastad,Louisiana,69988,45.241495,38.4457865
Justin Sharp,25,435 Campbell Cape,Smithfurt,Alabama,27098,155.532993,77.914113
Kathleen Kelley,64,05044 Michael Cliff,Jamestown,Michigan,61203,-111.832937,36.1837895
Eric Turner,55,19155 Daniels Corner Apt. 902,Port Donaldhaven,New Jersey,57478,167.860153,62.476429
Kimberly Cook,64,19838 Michelle Inlet Apt. 981,East Josephburgh,Maryland,11662,-128.994278,-63.1446845
Rose Castro,30,5154 Russo Cliff Apt. 821,New Shannonberg,Missouri,04100,-32.542786,81.5849905
Luis Garrett,34,366 Norma Well,West Robertport,Alaska,62291,-176.792844,-15.154531
Roberta Wolfe,39,1441 Garner Freeway Suite 463,West Tinashire,Arizona,21188,169.917925,-60.0498975
Edward Ashley,40,205 Raymond Falls,Tarafort,Nevada,80855,-176.896125,13.3960295
Kevin Hall,25,96726 Crystal Mission Apt. 269,Melissabury,Tennessee,38678,-13.836304,-76.694336
Jill Holmes,57,72151 Kennedy Road,Navarromouth,Iowa,39535,11.656657,-86.0394695
Michael Brown,32,0782 Brian Rapids Apt. 575,East Sandra,Massachusetts,42840,67.258895,-77.2377445
Kimberly Edwards,46,5916 Figueroa Isle Apt. 272,Murrayton,Arizona,63723,-151.483415,-67.5576135
Laura Robertson,52,03172 Mueller Village Apt. 231,South Natashamouth,New Mexico,68477,-6.919542,21.877837
Dustin Johnson,66,213 Hansen Center Apt. 066,Yatesland,Texas,26412,22.040989,-69.155973
Mr. Thomas Golden,19,14074 Anderson Extensions Apt. 239,Shannonmouth,Arizona,68740,-110.476697,-42.6387385
Peggy Smith,49,2252 Butler Meadows,Zunigaville,Alaska,46961,99.204267,-21.861996
Nancy Hernandez,41,4149 Williams Junction Suite 773,Petersonberg,Hawaii,41757,45.652417,-28.428330
Morgan Moran,62,2050 Adams Stravenue,Jonesland,Mississippi,12980,-172.647391,1.299108
Kelsey Guerra,47,24753 Anna Cliff,South Jacquelinehaven,Alabama,48808,110.720985,-68.7465265
Rodney Parker,79,3763 Sherman Gardens Apt. 414,Morganbury,Washington,22171,109.310332,76.9511505
Tina Smith,78,598 Sean Glen,New Samantha,North Carolina,70586,-81.812819,-27.7075855
Robert Gonzalez,71,621 Coffey Branch Apt. 627,East Brianna,Idaho,12638,172.686449,-76.6023095
Molly Blevins,32,764 Joshua Flat Suite 272,Alishaton,Iowa,48682,146.713815,55.100565
Karl Obrien,45,81927 Brandy Tunnel,South Danielstad,Montana,28662,84.104268,-2.656157
Amanda Bryant,63,383 William Summit,North Teresahaven,Kansas,96851,16.188381,84.2434605
Danny Torres,43,9245 James Unions Suite 674,Johntown,Nebraska,12324,20.873710,-34.018017
John Cook,60,501 Amy Radial,Justinmouth,Tennessee,47385,81.788109,42.9756025
Jeremy Pineda,22,2177 Thomas Causeway,Burketon,Iowa,44249,23.064306,-38.245077
Darlene Campbell,41,20270 Kayla Spur,North Sandra,Utah,70051,-6.074860,70.9906875
Valerie Myers,74,8645 Randall Well Apt. 441,North Troy,New York,46320,19.845070,6.9544565
Stephanie Vincent,43,57121 Brian Station,Ronaldtown,Louisiana,55206,139.848901,-78.499528
Paula Chavez,21,46242 Daniel Circles Suite 281,Snyderchester,Florida,15208,-139.187583,-78.0748915
James Delacruz,20,206 Laura Trace Apt. 662,North Lisa,Maryland,25569,121.858425,10.548690
John Pennington,21,93488 Joshua Plains Apt. 037,Joneshaven,Hawaii,46088,96.928681,35.0473705
Mrs. Kelly Smith,29,505 William Glen,Randallfort,New York,96834,129.492110,-60.132858
Shannon Quinn,58,39951 Amy Expressway Suite 602,Port Wendyfurt,Montana,71614,-5.798484,13.5399945
Tina Tucker,79,1037 John Cliff,Georgestad,New Hampshire,25601,69.724580,-62.2396895
Chad Chang,38,867 Byrd Gateway,Stewartburgh,Pennsylvania,64306,-101.505398,-18.718888
Emma Mclaughlin,69,325 Robert Parks Apt. 186,Fullerstad,Iowa,95545,-37.952066,51.5052555
Maria Romero,52,955 Norris Course Suite 320,Anthonyview,Wisconsin,94330,-177.674199,56.3630605
Amanda Valentine,22,35026 Joseph Drive Suite 260,Julianville,Nevada,93122,75.454868,-0.4869815
Jennifer Woods,32,65521 Franklin Terrace Suite 416,Port David,Idaho,65120,-14.825150,-83.9829055
Connie Salazar,29,61945 Hill Ports,Port Kaitlin,California,42381,126.823637,88.8142095
Eric Pierce,64,0648 Hanson Roads,Lake Amanda,Virginia,32852,25.967636,48.674283
Amy Robbins,22,147 Robert Trace Apt. 771,Gailfort,Ohio,88182,-105.339262,-76.1007135
Ryan Marshall,67,29983 Kayla Street,North Leah,Louisiana,19702,-91.264582,-62.0705445
Kelly Barrett,53,7332 Banks Ridge Apt. 454,Diazfurt,Arizona,48278,139.147923,27.171609
Howard Green,18,31511 Abigail Port Suite 120,Harrisonberg,North Dakota,77702,-68.052357,-56.701963
Elijah Pugh,18,98286 Craig Mall Apt. 478,Martinezfurt,Minnesota,27566,159.985843,14.9688905
Ian Sherman,45,720 Kevin Brook Apt. 280,West Jimland,Ohio,88069,-39.363501,83.575726
Veronica Flores,35,384 Travis Village Suite 800,Gardnerburgh,Washington,99627,5.160767,24.6126785
Samantha Gonzalez,54,050 Rhodes Groves,West Bradleybury,Hawaii,72784,92.347779,40.973379
Paige Robinson,57,9603 Jason Cape Apt. 166,Smithmouth,Iowa,67262,23.101045,77.777875
Brandon Wilson,40,25550 Gloria Divide,Andrewville,North Carolina,39518,-67.307014,-44.088147
Steven Brandt,35,097 Morgan Meadows Apt. 440,Watsonmouth,North Dakota,13590,178.829092,-31.7469915
Matthew Hart,62,59976 Alyssa Creek,Lake Christopherchester,South Carolina,59807,-2.384803,63.6636035
Crystal Johnson,25,4542 Evans Groves Suite 277,West Kayla,Alaska,43803,-93.217953,24.078237
Kim White,56,82426 Lamb Skyway,North Annetteville,Virginia,37260,151.541543,-51.868715
Ana Rivera,71,630 Phillips Plain Apt. 288,West Joshua,Wisconsin,14825,-151.072403,59.898782
Samuel Turner,18,34753 Hailey Estate Suite 472,South Joseph,Rhode Island,55296,-19.591649,-71.7544755
Anne Jones,44,67672 Harvey Station Apt. 013,Port Richardland,North Dakota,83261,156.324477,-78.731119
Aaron Edwards,45,7223 Evans Shores Apt. 736,Jasonview,Illinois,19831,-83.109326,-66.5484695
Howard Williams,25,1765 Paul Fields Suite 546,Matthewland,Iowa,66580,-2.897612,-65.2285875
William Bradshaw,72,31356 Gloria Path Apt. 342,New Valerieside,Hawaii,11470,119.426178,4.662292
Michael Cooper,49,11924 Davis Expressway,Paynetown,Maryland,49136,-109.762193,-3.4983105
Anthony Mathis,53,1109 Jenkins Walks,East Mary,New Hampshire,51542,-120.269510,70.9308725
Kara Perez,30,3715 Flynn Fall,Theresashire,California,22145,176.680393,47.5194625
Kimberly Peters,72,01282 King Causeway,Lake Bryanview,Hawaii,77578,154.204873,-14.6735335
Katelyn Flores,65,46052 Henderson Spur,Hallfurt,West Virginia,90815,-130.266648,-50.2089895
Nathan Hill,53,6015 Veronica Field,South Victoria,South Carolina,48810,125.310958,-65.4652725
Steven Christian,33,7421 Barbara Mount,Danielmouth,Wyoming,91521,1.703497,6.350571
Jennifer Riddle,64,93975 Alvarez Plain,New Timothy,Maine,23496,136.350210,33.124778
Andrea Martin,46,2938 Scott Lane,Saraburgh,Hawaii,77141,172.809480,-13.8112625
Stephen Orr,24,119 Johnny Drive Apt. 313,Lake Erica,Pennsylvania,56276,-36.013104,-31.7194595
Heather Little,46,7960 Wyatt Fields,Douglashaven,Connecticut,94801,19.660468,-43.254070
Priscilla Arellano,19,5558 Gray Mill,West William,Hawaii,20973,-28.659062,72.6279445
Mary Young,42,064 Thompson Track,West Catherinetown,California,94372,105.241167,63.3261085
Victoria Roy,71,403 Rebecca Fall Suite 086,Fischerhaven,Kansas,70919,156.520609,79.7507645
Tiffany Andrade,70,56238 Carter Passage,East Stephen,Colorado,24085,-159.442908,-55.208546
Timothy Williams,44,62406 Mora Rapids Apt. 224,Port Maria,New Mexico,33786,-177.982724,-45.8051445
Kristin Munoz,69,6209 Cowan Fort,Porterville,Kansas,76768,-55.518162,-16.564755
Eric Clarke,30,6300 Sharon River,Matthewton,Kansas,77919,-49.071536,-83.070137
Whitney Thompson,64,8291 Matthew Falls,Muellerstad,New Jersey,24636,-116.876460,-47.077964
Patrick Sherman,67,93484 Robert Spur,Lake Lisa,South Carolina,65342,131.136867,11.129019
John Harper,75,2310 Calhoun Crossroad,Hansenfurt,South Carolina,65898,60.999620,46.840336
Michael Collins,79,512 Davila Corners,Johnnymouth,Georgia,12881,-136.008012,-45.8281235
Aaron White,48,15412 Gilbert Neck,Carolstad,West Virginia,19406,158.069664,6.7253945
Jennifer Summers,55,18446 Isabel Forge Apt. 868,Harrisview,Iowa,19040,-108.011986,-9.5647025
Sara Johnson,35,8694 Santos River Apt. 598,Jonesmouth,South Dakota,45153,-105.170548,-19.6805885
Mitchell Ford,41,3599 Jose Row Suite 892,East Allenstad,Rhode Island,44837,52.238968,68.903500
Kayla Hawkins,34,93291 Angela Trafficway,South Sheryl,North Carolina,37536,179.715731,-89.1015755
James Elliott,65,486 Rasmussen Orchard Apt. 978,South Joy,West Virginia,88834,67.626581,-55.1522025
Edward Perez,61,0083 Figueroa Freeway,Cherylmouth,Montana,43667,-48.475623,-74.7793855
Richard Howard,65,95294 Robert Lock,North Ashley,Colorado,71836,164.714024,-57.043359
Jasmine Wheeler,74,995 Mathews Shores,Lake Ann,Ohio,44458,130.069336,-55.348290
Dr. Garrett Manning MD,68,0494 Kidd Lodge,Port James,Nebraska,71055,35.445380,-0.562799
Caitlin Garcia,29,99357 Janet Roads Apt. 497,West Nicholasfurt,Wisconsin,16763,46.939894,75.878004
Patricia Rose,51,279 Johnson Brook,Garrettshire,Florida,21733,-121.013608,-3.445065
Seth Mcpherson,38,890 Collins Bridge,New Kimberlychester,Arizona,74888,-15.920415,0.689055
Angela Rocha,80,561 Maxwell Isle Apt. 920,Gonzalezview,Missouri,62777,8.805593,67.5927115
William Kennedy,62,0934 Darren Harbor Apt. 511,New Lauraborough,Illinois,03994,-158.927792,46.0675695
Dennis Sharp,76,802 Laura Brook,Lake Jaimebury,North Dakota,03730,-44.082938,-11.3209015
Melissa Winters,48,3966 Parks Locks,Garretttown,Massachusetts,31895,43.463098,-70.0545665
Robert Jones,79,889 Lee Loaf,Lake Coreybury,Nebraska,86513,-83.911135,13.805819
Cindy Robinson,29,762 Kelly Branch Apt. 802,West Christopher,Massachusetts,87259,-122.238672,32.6590755
Christopher Mahoney,60,465 Mccarthy Ferry Apt. 371,North Christopher,Oklahoma,69542,24.681165,-43.9621085
Amanda Hall,78,815 Dawn Gardens,Karenshire,Mississippi,52290,151.598450,-60.880141
Bradley Silva,28,479 Annette Expressway,Lowerymouth,Rhode Island,64448,-79.587259,31.902338
Sylvia Russell,54,6605 Hughes Fields Apt. 113,North Jamie,Texas,83494,142.904768,-19.2712585
Brian Roberson,46,892 Tiffany Field,West Amanda,New York,17934,145.443339,-22.477528
Corey Acosta,31,34499 Andersen Turnpike Apt. 741,Gregorystad,Massachusetts,43037,24.889087,38.1548855
Cody Thompson,33,75345 Ashley Mall,East Angelica,Utah,39237,-16.644569,3.119886
Angela Jackson,32,545 Nicholas Course Suite 383,South Ann,Georgia,29349,-57.755097,-43.521204
Stephanie Garcia,31,00751 Gutierrez Vista,North Melindashire,Illinois,23155,-32.061533,-15.814674
Thomas Evans,34,4330 Chad Mountains Apt. 662,North David,Maine,69706,124.631910,42.3677305
Ms. Taylor Turner,37,91293 Bush Row,Gonzalezport,Indiana,29329,-101.255250,-44.8035455
Kara Benson,45,8517 Stephen Shores Apt. 327,Hendersonberg,Mississippi,74429,-69.292223,55.2746655
Theresa Wheeler,52,0232 Cruz Run,Foxfort,Kentucky,77081,153.347215,-13.4651385
Diane Moon,31,36864 John Port Apt. 377,Lake Jameston,West Virginia,58309,-54.366477,-3.5409245
Patrick Jenkins,18,424 Hurst Bridge,New Elizabethstad,Oregon,85964,119.025226,-2.0411235
Christopher Williams,32,177 Kimberly Haven,Maryside,North Dakota,89600,-73.061025,-9.919325
William Mills,79,535 William Green Apt. 955,Paulhaven,Alaska,06634,-74.529711,24.193143
Erica Cunningham,76,52156 Duran Locks,North Randyport,Utah,27105,-91.606489,73.5462585
Erin Green,22,04086 Hunt Coves,Watersview,Florida,96722,-40.411261,55.2858095
Deanna Hampton,29,43155 Cook Summit,Gardnerstad,Illinois,02797,-39.148780,20.609768
Paul Padilla,71,9142 Anthony Rapid,Stokesbury,Alabama,19998,80.356315,-58.7342035
Eric Johnson,33,731 Gregory Dam,Garciabury,Maryland,46867,-70.806540,-61.2582925
Natasha Smith,67,7606 Nguyen Lock Apt. 978,West Charles,Connecticut,85422,-65.782792,22.211028
Jamie Mccoy,54,270 Simpson Pike,Lake Johnmouth,Kentucky,14009,119.282597,58.135690
Kim Cain,73,5676 Obrien Extensions Apt. 564,North Brian,Kentucky,86783,86.600347,-87.201651
Matthew Allen,53,9635 Kelley Creek,Mccarthyburgh,New Mexico,45617,4.574149,-9.7138375
Eric Reid,49,636 Gonzalez Road Apt. 083,Johnsonville,Washington,67070,-48.027283,-5.6055525
Marissa Walker,65,195 Rick Plain Suite 749,West Jason,Ohio,89016,111.219567,63.3894895
Brian Haynes,20,143 Rodriguez Creek,Sullivanside,Washington,76689,169.616525,38.9724195
Samantha Bowman,74,1633 Hansen Parkway,New Elizabeth,Wisconsin,75302,49.257821,-50.567916
Suzanne Fritz,19,538 Gilbert Green Suite 344,Port Gregory,Vermont,79746,73.534440,6.6589045
Brittany Mills,48,4615 Clark Lake,Lauramouth,South Carolina,18813,-74.754557,20.197103
Anthony Bowman,37,089 Amber Points,South Michelle,Virginia,07755,6.935865,-32.0602065
Elizabeth Watts,37,8811 Walker Locks,Rachelburgh,Michigan,08299,-120.069042,-6.4123705
Terry Nelson,43,7415 Christopher Circle,South Monicaview,Colorado,70515,-102.713126,-60.3112625
Maria Duran,59,22863 Kelley Village Suite 035,Taylorchester,Maine,79901,179.506720,-85.8674465
Eugene Williams,21,74115 Nathan Valleys Apt. 560,New Jasonberg,Hawaii,56253,13.969995,-51.0631765
Terry Keller,21,3733 Stewart Crossroad Suite 655,Mcdanielland,Montana,02018,74.559455,33.607732
Kimberly Pittman,65,078 Richards Extensions,Daniellebury,California,01422,-159.858103,-84.4539845
Bradley Barnett,31,8906 Hill Brooks Suite 354,Jefferyport,Mississippi,32181,68.925288,18.0527565
Jesse Oliver,76,593 Jennifer Mountains Suite 028,Jacquelinemouth,Alabama,48684,-163.331806,15.534976
Danny Hernandez,55,915 Freeman Point,Petersonberg,South Dakota,45253,109.045507,-44.7183005
Clinton Anderson,27,0140 Meadows Stream,New John,Ohio,83084,27.146122,46.219973
Christie Howard,56,30657 Kenneth Lights Suite 867,Greeneview,New Mexico,82240,123.302861,-27.9204675
Lisa Nelson,62,723 Anne Shores,West Jamestown,Iowa,60257,29.583644,6.407611
Robin Gaines,18,7283 Gonzalez Course Apt. 458,Copelandfort,South Carolina,60525,-118.716940,43.3275795
Jennifer Carr,68,499 David Forks,Tylerberg,Oklahoma,30835,-176.556201,-45.6945525
Todd Eaton,65,78045 Patrick Islands Apt. 468,East Robertport,Pennsylvania,30031,38.840765,0.106969
Andrew Parker,21,3278 Richard Pine Suite 912,Port Ericmouth,West Virginia,08485,160.706669,24.463190
Mark Parker DVM,19,635 Neal Mews Apt. 602,Port George,North Carolina,80111,51.032736,16.517854
Samantha Hanson,67,9491 Douglas Vista Suite 261,Taylormouth,Maine,24573,49.088485,-31.041196
Glenn Carroll,77,1729 Beth Corners,South Janetville,Utah,92330,145.537872,37.5063875
Ronald Maddox,78,186 Stephanie Meadow,Lake Erin,Missouri,67503,151.745606,8.2580205
Brandon Harper,27,91989 Antonio Throughway Apt. 989,Phamchester,Texas,58875,-178.360095,80.385998
Samuel Morgan,60,704 Dunn Mountain Apt. 172,North Robin,Massachusetts,52661,-105.047480,14.0551725
Phillip Bryant,51,2895 Watkins Run Apt. 833,East Philip,California,57188,-114.259067,-22.542891
Angelica Vega,25,97314 Little Parks Suite 521,Port Laurachester,Mississippi,95828,-167.836314,26.904347
Tiffany Moyer DDS,80,543 Kim Spring,Simmonshaven,Illinois,88386,161.340921,-9.1765155
Matthew Rodriguez,76,76267 Livingston Groves,Gilbertton,Illinois,70210,-78.893009,-6.734584
Joshua Brooks,22,435 Ware Junctions,Geraldland,Utah,71540,-110.298798,89.7635705
Toni Garcia,36,83195 Jones Prairie Suite 183,West John,Montana,59321,-51.930380,-83.3017375
Regina Murphy,30,2885 Woods Spring Suite 621,Perryberg,North Dakota,82875,-27.965059,-8.0637985
Judith Brown,60,06602 Leonard Orchard Suite 204,Powellborough,New York,84401,-21.216124,5.690379
Angela Ray,35,511 Melissa Trace Apt. 873,West Carlaland,Kentucky,94919,-175.538711,28.1894245
Derek Medina,35,09637 Sonya Fort,Nelsonfort,Mississippi,51301,-123.060718,2.8008545
Mikayla Kirby,18,381 Miller Park Apt. 437,Morganside,Wisconsin,41466,-113.739807,78.5049025
Stacy Henderson,25,6719 Travis Valley,East Amberport,Iowa,55974,118.072549,36.6017135
Joseph Sellers,43,591 Little Island Suite 387,Port Gailhaven,Georgia,53912,-34.851824,45.055792
Rebecca Mills,52,648 Justin Crossing,Dennistown,Maryland,06152,145.123024,-22.5111375
Aaron Foley,25,723 Moses Fields,South Samantha,Maryland,53020,77.331365,-56.213120
Patricia Johnson,40,5122 Cruz Lane Apt. 233,Johnchester,Indiana,59185,81.939408,-3.9848045
Louis Ramos,69,71384 Matthew Club,Richshire,Montana,99869,51.447058,57.915867
Keith Martinez,26,0912 Guerra Springs,Caitlinland,Alabama,66140,127.852440,16.9944575
Nicolas Perez,27,60431 Green Canyon,Arthurfurt,Montana,64520,161.261899,-35.905506
Victoria Fitzpatrick,22,27657 Michele Via Suite 565,Carterhaven,Idaho,15272,125.989081,49.3524755
Brenda Jackson,73,5717 Wiggins Landing Suite 971,Hudsonhaven,Nebraska,84959,28.883490,24.1064835
Wendy Hawkins,49,9589 David Ridges,Sextontown,Wisconsin,39337,-12.958737,6.9899595
Erin Anderson,47,311 Hernandez Springs,East Joseview,Alaska,40004,-40.176792,-56.8489515
Richard Hardy,26,87963 Erica Expressway Apt. 384,East Taraberg,California,34716,-38.610053,-33.9224865
Ms. Wendy Roberts,71,182 White Expressway Apt. 342,New Ashleyberg,Wyoming,11888,60.652740,32.3667645
Mary Hall,19,948 Lindsay Port,West Vanessaland,Wyoming,57445,-18.468400,-79.4295655
Jeffrey Nguyen,75,682 Nicole Pines Suite 367,Norrisberg,Kansas,62324,-56.569496,-9.654391
Jessica Gonzales,67,240 Frank Groves Apt. 319,Billton,Missouri,87123,45.262959,-45.8720275
Monique Wallace,20,6032 Clark Drive Suite 682,Port Nicole,Arkansas,54189,-173.920414,-34.9500975
Danielle Lee,71,37926 Walsh Shore,Tannerville,Maryland,61125,125.573209,-14.9456435
Ashley Payne,36,59279 Davis Prairie Apt. 886,Ginaview,New Jersey,26867,125.236298,-38.0250605
Brooke Cruz,48,157 Robinson Rest,New Leslie,Kentucky,18581,24.550993,-38.5852365
Gregory Warren,51,7500 Gardner Extensions,Michelleborough,Michigan,68134,-136.065801,-47.3916855
Angelica Wagner,30,363 Olson Junctions Apt. 817,Michaeltown,Alaska,83849,-175.013154,-76.795754
Emily Martin,36,25914 Salinas Streets Apt. 962,East Jasminburgh,Missouri,86676,-170.433969,88.510105
Billy Peterson,76,22115 Daniels Shores Apt. 657,Davisfurt,Maine,47331,145.459284,-50.680037
Teresa Perez,33,569 Christopher Brook Apt. 287,Tonychester,Massachusetts,25119,-2.334903,38.7087735
Katherine Wilson,53,03612 Donna Rapid,New Larryburgh,West Virginia,85888,-38.134499,-87.842217
Timothy Lopez,49,60801 Melissa Island Suite 857,New Reginaburgh,Iowa,02010,105.868214,-22.9845575
Linda Rogers,53,65269 Jessica River,Port Deanna,Kentucky,43204,120.005548,43.6275195
Richard Holt,32,489 Mary Forge Apt. 852,North Georgefort,Delaware,21351,-6.650745,-18.4145075
Laurie Jackson,27,05297 Brown Islands,Harringtonbury,Massachusetts,48089,-110.411371,35.5764095
Julie Shelton,69,9802 Christopher Forks Apt. 448,North Heatherberg,Michigan,98704,69.434704,-79.155330
Gina Davis,39,057 Martin Centers Apt. 945,Loganshire,Wisconsin,06820,60.763835,28.338296
Amanda Barber,50,35986 Heather Flats,New Stephaniefort,Mississippi,16601,136.379495,63.044145
Timothy Jimenez,67,07787 Gould Heights Apt. 411,West Sergiomouth,Florida,60471,-134.775229,-84.163180
William Johnson,76,842 Rachel Expressway Apt. 276,East Colinport,Texas,13964,6.457699,48.7208925
Colin Hurst,54,078 Paul Stravenue,Shawnborough,Kentucky,94146,161.777932,78.7847845
Brandon Rodriguez,55,2313 Dana Neck,Hamiltonbury,Washington,31643,65.493288,-40.238703
Matthew Brown,22,3128 Sanchez Via Apt. 492,Maryside,Texas,17493,-111.287380,54.517110
Larry Martinez,45,84703 Tran Isle Apt. 794,Velezland,Georgia,44035,92.278677,0.232300
Troy Garcia,38,554 Peterson Bypass Suite 993,Hallland,North Carolina,44522,60.727641,-1.6280205
Jessica Lloyd MD,64,656 Stevens Camp Suite 788,New Markburgh,Kentucky,23178,60.178951,42.6202835
Martin Cross,62,34874 Curry Trail,Johnchester,Arkansas,93641,87.299461,-14.6825875
Richard Warner,67,50133 Williams Circles Suite 806,Mariahaven,Missouri,05833,114.724966,45.312664
Victor Turner,66,9422 Christina Parkway Suite 728,Goodwinhaven,New Hampshire,81620,-166.588212,-1.169829
Debra Dillon,24,633 Lawson Club,East Heidichester,Maryland,13185,58.529053,-53.4156125
Francisco Frank,80,4219 Parker Mews Apt. 317,Nolanville,Idaho,56835,131.463719,49.235855
Briana White,29,21462 Wright Way,Karihaven,Nebraska,45995,111.082007,-47.342271
Robyn Anderson,70,77815 Christopher Highway,South Albertfurt,Washington,34778,-131.553452,37.5734305
Alexander Coleman,49,03343 Ashley Flat Suite 525,Richardfurt,Maryland,10651,-34.131559,-28.519119
Gwendolyn Carter,79,417 Hill Way,Priceton,Georgia,31627,67.750429,33.8753675
Christy Byrd,52,460 David Mews,East Allison,Kentucky,99060,94.425796,-35.5421535
John Huff,62,4288 West Oval Apt. 451,Lake Aaron,Kentucky,27682,-11.933856,-60.746867
Andrew Jones,35,6978 Todd Harbors Suite 762,East Christopherstad,Illinois,63797,15.685596,46.866447
Tanner Hill,56,199 Williams Keys,North Sierra,Florida,49093,37.470718,88.1305795
Bobby Carr,38,024 John Mill,Michellemouth,New York,23854,-9.529400,-75.381357
Brian Hanson,75,70606 Julia Greens,Smithfort,Wyoming,01206,151.524733,-71.172325
Melissa Johnson,80,30621 Sheila Junctions,New Jasonfort,Illinois,44480,53.165134,-3.3369775
John Stevens,73,78841 Montgomery Track Suite 934,Amyborough,Oregon,19955,-146.836521,-13.2961615
Joshua Delgado,64,86406 Martin Stream,Jesseborough,Kansas,58375,-37.304606,-38.081819
Daniel Kelly,69,63044 Michael Forks Suite 297,Juliaborough,Vermont,92798,49.567537,35.5325655
John Singh,53,7651 Brown Glen,New Kyle,Oklahoma,56518,22.729844,52.952786
Dr. Jennifer Williams MD,31,93332 Wheeler Underpass,New Ashley,New York,45569,-48.736425,25.323046
Glenn Thomas,61,0405 Sandoval Shoal Suite 479,Heatherberg,Alabama,56839,73.963781,-39.137345
Eddie Rodriguez,32,09495 Linda Key Apt. 582,West Dustin,Arizona,56608,-35.541417,79.0338985
Sharon Taylor,52,5294 Omar Mount Apt. 923,North Christinatown,North Carolina,14457,92.609538,-51.9192755
Jeffrey Fitzpatrick,69,7753 Morales Roads,Port Deniseberg,Arkansas,64452,147.231132,78.3592145
David Olsen,74,99626 Amy Island,Schaeferhaven,Vermont,08420,78.278094,-73.572769
Jason Cruz,24,94502 Jones Divide Suite 082,Lindseymouth,Texas,49900,73.707232,-7.1434035
Alexa Walker,77,006 Timothy Estates Apt. 379,Debratown,West Virginia,33547,-149.088153,71.9960525
Bruce Harrison,30,92220 Wolf Hill,New Georgetown,Washington,76072,-17.472267,-4.4678225
Cynthia Miller,75,315 Julie Drive Apt. 330,Paulton,West Virginia,75017,58.065486,79.1883415
James Hudson,28,365 Allen Trail,Palmerburgh,New York,17583,-156.038799,8.1968875
Kathleen Combs,58,80661 Jennifer Branch,South Bryanstad,Tennessee,33282,-53.807553,-71.062670
Jason Atkinson,65,07845 Williams Squares Apt. 622,West Jillchester,Wisconsin,28224,16.433516,60.250204
Jennifer Sutton,54,9834 Kimberly Curve Suite 560,East Frank,Pennsylvania,16829,-162.271423,-23.703074
Amanda Johnson,80,48324 Courtney Parks Suite 397,North Keithfort,Massachusetts,58467,121.888699,30.3274145
Joseph Yang,29,079 Amy Harbor,Port Tracy,Alabama,04981,-167.058116,-60.7358245
Anthony Garza,65,4283 Jason Ferry Apt. 845,South Alexisshire,Oregon,72937,30.804009,69.0043095
Donna Huff,68,746 Price Avenue Apt. 781,Bettyhaven,Tennessee,54932,100.408940,-23.972195
Mr. Louis Johnson DDS,32,50141 Dominguez Branch,Allenview,Florida,31593,70.108528,-62.637409
Jennifer Smith,26,770 Hernandez Stravenue,Bennettberg,Tennessee,08206,174.034959,13.197605
Peter Klein,61,35854 Jose Wall,Carpentermouth,Hawaii,84236,-157.176675,-89.2635675
John Wagner,26,835 Morris Bypass Suite 880,West Shelbyfort,Virginia,29921,-33.478852,60.816464
Seth Le,54,8971 George Road Apt. 657,Jesseside,Georgia,11074,-120.872616,17.4553525
Benjamin Murphy,22,75136 Mary Prairie Suite 851,East Paul,Georgia,53171,168.892031,32.593946
Christine Smith,24,8483 Cooper Terrace,West Tina,Nevada,16405,9.293592,31.501812
Melissa Logan,43,388 Kelli Fields,Adkinsmouth,Oregon,92924,123.181566,-85.690928
Brian Ibarra,18,2449 Dixon Parks,Davisview,Connecticut,93595,81.864784,82.4182245
William Jones,21,97181 Vanessa Mountains Apt. 507,Fischerfort,Minnesota,47606,57.403421,-5.076185
Allen Johnson,46,50050 Yang Mills Suite 338,East Katiemouth,Utah,70175,142.040156,-86.8310015
William Mccarty,59,48823 Johnson Village Apt. 554,Lake Andrew,Wyoming,90454,21.912483,-74.870021
Francis Jimenez,52,168 Waters Rapids,Codyberg,Alaska,61502,86.050398,-31.2905695
Jennifer Lane,61,30592 Wiley Prairie Suite 157,Wendyburgh,New Hampshire,52712,-123.632625,-77.7209745
Joseph Barrera,27,206 Steele Crossing Apt. 968,Port Sonya,Rhode Island,03391,-87.578752,5.2297855
Jessica Lee,28,629 John Mountain Apt. 173,Stevenland,Idaho,65912,57.885112,44.4116375
Bailey Sanders,36,5559 Green Squares,Garciafort,Indiana,72733,-22.334698,34.028970
Richard Baker,19,4673 Padilla Turnpike Apt. 378,Lestermouth,Vermont,44560,-74.884069,-77.2372805
Angela Walker,19,8353 Flowers Squares Apt. 191,Hessview,Oregon,65530,103.657570,-89.8038425
Robert Thompson,71,503 Denise Center,Andreabury,Vermont,16215,-44.559452,51.2705665
Thomas Hahn,71,970 Megan Freeway,Kristinemouth,Alaska,23942,85.773567,49.3382955
Megan Anderson,48,501 Matthew Street Suite 723,New Jose,Tennessee,16795,-142.357533,-26.8529745
Amber Hendricks,58,933 Mccormick Branch Apt. 483,Boltonmouth,Louisiana,20721,44.069108,-60.1798705
Judy West,65,8754 Miller Route Suite 235,Rachelmouth,Oklahoma,16124,-3.776818,23.053925
Amy Thompson,57,96665 Scott Fort Apt. 984,Port Katherineton,Louisiana,89637,-60.269625,43.660851
Yvette Mora,33,054 Vickie Underpass,Jonesberg,Michigan,75182,-7.550756,39.275535
Jennifer Gregory,34,8139 Charles Ferry Suite 899,Lake Angelahaven,Rhode Island,72068,116.084548,-26.548331
Catherine Dennis,47,1186 Butler Rapids Suite 158,Millerborough,Illinois,20709,36.852920,18.2214835
Joe Kaiser,71,5162 Ronald Skyway Suite 960,Hansonmouth,Nebraska,28577,179.810975,87.783172
Larry Stuart,60,84153 Kirk Garden Apt. 405,North Nathan,Missouri,10786,-134.726167,-34.9510965
Derek Brown,57,48226 Joseph Spurs Suite 071,East Shanestad,Kansas,10965,-94.264035,-31.923811
Jessica Little,45,6469 Browning Trail Apt. 754,New Danielleland,Oregon,15361,-117.043086,-53.130472
Randy Rodriguez,60,6911 Kevin Junction,New Barbarachester,Wyoming,51294,-25.132366,-20.2997885
Hannah Contreras,25,420 Matthew Glen,East Donaldchester,Maine,35812,-157.450314,23.472780
Joan Briggs,51,402 Brown Mission,Hawkinsfort,North Dakota,36840,-107.986120,-6.456291
Anthony Williams,56,81451 Stephanie Knoll,Katherinebury,West Virginia,75829,129.158820,-31.491317
Jamie Valdez,40,327 Jennifer Crest,North Danielle,Illinois,06751,37.652835,20.5030745
Donald Marquez,38,90019 Danielle Spurs,Byrdside,Florida,72352,-116.510985,-20.910796
Stacy Wells,58,578 Green Plains,Bairdchester,Maine,20715,164.915037,54.6143265
Stacy Crawford,26,01960 Gabriela Port,Port Jacob,Hawaii,95198,-161.354297,5.700097
Mark Burke,47,1670 Michael Hills Suite 424,East Jeffreyhaven,Alabama,45285,-25.898921,54.6183335
Janice Pope,50,845 Fox Manors Suite 947,Cassandrachester,Louisiana,10780,21.585482,-46.975914
Matthew Morrow,71,55349 Scott Crossing,Lake Teresa,New Jersey,76115,-173.349858,56.0535515
Angel Gardner,32,3511 James Glen Apt. 743,Port Debbiestad,Hawaii,07231,42.958645,88.3593755
Michael Garcia,59,164 Gomez Ways,North Andrewshire,Tennessee,47328,-57.181630,13.116714
Jamie Allen MD,34,7778 Valerie Harbor,Port Veronicafort,Montana,05963,-80.519472,13.6162565
Emily Hayes,26,58648 Dana Club,West Victoria,New Hampshire,30809,52.518582,-65.2670565
Christopher Kirk,39,1941 Williams Mills,North Robert,Idaho,47039,139.716313,35.5785145
Denise Kelly,75,984 Butler Path Suite 356,East Shawn,New York,30753,74.818971,-59.820554
Mr. Kenneth Simpson,38,8157 Shelley Street,Bradleystad,Tennessee,58483,-82.957372,-53.7167325
Danielle Johnson,73,1389 Jason Light,North Jadefurt,Florida,02643,111.152131,78.2597865
Jessica Sullivan,20,3229 Jeffrey Loaf Suite 444,Shafferton,Massachusetts,26427,-142.052607,79.0592675
Lee Romero,80,50437 Duke Drives Suite 309,South Lisa,Alabama,57579,-87.491408,-85.265985
Pamela Maynard,28,352 Theresa Gateway Apt. 235,Jonesbury,Texas,58095,-122.733274,52.058609
Whitney Hernandez,33,38912 Anthony Lake,New Kenneth,Florida,90500,118.587081,2.6494875
Tina Marquez,57,8889 Stevens Mall Suite 097,South Michellebury,Vermont,50472,-75.440346,-81.8384435
John Wright,45,2069 Laura Plaza Apt. 211,Joneshaven,Virginia,27256,-175.202192,60.3131115
Sean Murray,61,67891 James Knoll,New Timothyton,New Mexico,37027,83.147926,87.9540415
Gregory Baldwin,33,8752 Brandt Gateway,Michaelstad,Arizona,47000,-139.688939,37.2848315
Deborah Edwards,78,6878 West Light,Dianafort,Rhode Island,01499,-78.826981,65.1613155
Teresa Torres,42,8565 Brooks Forges Apt. 306,East Anita,Nebraska,74128,-169.492887,-18.1823815
Caleb Romero,41,29039 Jared Bridge Apt. 503,Kevinville,Nevada,47016,-168.388829,37.7943355
James Smith,69,5413 John Stravenue,Lopezland,California,57497,-168.588199,81.0841655
Susan Whitney,27,7551 Cabrera Stream,Port Erinberg,New Hampshire,02266,-118.786363,-31.5315925
Jonathan Nelson,69,329 Jack Meadow,Millerton,Texas,21816,-80.666912,-11.1553675
Alan Andrews,75,581 Cooper Brooks,Paceland,Oklahoma,97167,160.196931,-15.449835
Adam Rich,22,70031 Danielle Corner Apt. 857,Garrettland,California,45147,93.497689,-31.462338
John Kelley,25,6600 Lee Knolls,South Donnaland,Wyoming,49005,28.307668,30.165688
Maria Thompson,56,46285 Spencer Burg Suite 012,West Lauren,South Carolina,38140,39.144070,47.402333
Tammy Lee,25,9114 Fowler Spur Suite 455,Davidfort,Louisiana,81307,-123.588420,-60.343218
Seth Cooper,35,59356 Frank Court,North Nancy,Illinois,50956,89.342557,46.3980845
Jacob Dunn,21,51174 Smith Fields,Port Christianchester,Missouri,30678,-37.572767,-46.417567
Michele Smith,29,96571 Miller Roads,Harrischester,Idaho,18881,5.726513,-26.2577065
Zachary Bender,32,270 Morris Mountains,West Jennifermouth,Nebraska,87035,-154.193973,31.526270
Joel Reynolds,33,413 Christina Island,Sethburgh,Oklahoma,38249,21.732265,76.289044
Richard Robertson,42,3125 Gilbert Underpass,Graytown,Illinois,25235,122.654592,29.290351
Jennifer Ferguson,63,78611 Ashley Park,West Kelly,Illinois,01052,122.366600,36.282276
Terri Jones,68,4381 Edwards Lights Suite 192,Rogersview,Colorado,52160,92.847323,-66.669479
Sharon Navarro,29,2642 Lindsey Way Suite 975,Lake Kyle,Wisconsin,63337,144.510358,-84.461204
Vincent Shah,35,14343 Kelly Road,South Amyfurt,California,95162,135.965510,-28.7366775
Kristin Horn,38,43781 Mclean Mountains,Salinasbury,Maryland,04537,-69.262268,-49.711507
Tina Pena,59,828 Daniel Cape,Harrisfort,Nebraska,28387,98.425060,-45.632716
Anthony Cruz,31,1090 Walters Drives Apt. 466,Port John,South Carolina,99215,153.947333,-86.421411
Lisa Bryant,72,1708 Christopher Rapids Suite 812,Harringtonberg,New York,02002,-64.341487,-44.5378725
Alex Garcia,76,1778 Lewis Mountain,Amandastad,Connecticut,39386,122.921425,-48.444143
Donald Day,30,26887 Samantha Key Suite 558,Claytontown,Georgia,58164,-128.209866,28.020259
Mary Small,64,2670 Logan Heights,Robertview,Georgia,58435,31.260328,-21.8461475
Lindsey Robertson,69,41184 Jackson Avenue Apt. 448,Christinashire,Arizona,58542,5.347266,68.2784455
Leah Torres,65,1905 Ware Streets,Patrickborough,Utah,04526,57.123469,-47.2061035
Raymond Wilson,24,2264 Kelly Forges,Leeview,Arkansas,02700,142.455749,84.721285
Ashley Butler,19,3094 Barbara Knoll Suite 840,Amyburgh,Montana,58360,171.989634,20.583142
John Knight,30,3674 Fisher Heights Suite 479,New Ryanfurt,North Dakota,41960,78.407977,24.0816965
Anna Allen,41,6267 Gibbs Cliff Suite 413,Audreyfort,Michigan,17012,-74.329269,-50.0107015
Sean Clark,62,40605 Tyler View Suite 132,North Vickie,Alabama,70743,55.830662,47.0557405
Scott Brooks,47,99334 David Terrace Apt. 573,North Jeremyhaven,Rhode Island,50326,43.153226,-17.018176
Robert Frazier,73,283 David Fords Suite 663,Keithchester,Hawaii,51110,176.272845,28.5765955
Robert Gomez,35,76787 Johnson Pike Suite 919,New Kevin,Ohio,79278,-91.747279,49.8444375
Sherry Marks,68,41719 Leah Ports,Davisburgh,Vermont,99543,-121.027373,29.9855425
Carolyn Matthews,25,640 Mann Plaza,Lake Davidview,Vermont,97445,-49.610987,-60.3394865
Brian Morales,35,6003 Rogers Common Suite 763,East Stephanieburgh,Tennessee,82170,-4.090587,76.493834
Dawn Crosby,44,86627 Evans Freeway Suite 749,Port Jeff,Alaska,26274,-56.364134,64.006227
Crystal Buchanan,20,08923 Dale Street Suite 676,North Jamestown,South Dakota,31820,123.052685,-31.2347275
Gabriel Willis,74,3030 Donald Gateway Apt. 403,Brianburgh,New Mexico,22424,-82.545060,52.899308
Matthew Martin,71,5397 Karina Fall,Port Ryanbury,Vermont,90042,-86.663871,-21.2590405
Jimmy Oliver,28,86534 Tina Fall,Allisonmouth,California,75273,96.414976,-23.6282445
Edward Sanchez,56,3545 Tracy Bypass Suite 176,South Mario,Delaware,84620,10.268133,40.7831895
Daniel Cameron,53,71051 Anthony Canyon,North Andrew,New York,93809,-124.798169,-55.473884
Nicholas Jones,49,722 Hannah Expressway Suite 962,New Richardstad,Nevada,33144,129.852382,-45.8275105
Shirley Jones,74,6397 Chen Mews Suite 261,New Elizabethfurt,North Carolina,40980,2.735850,-22.906623
Joseph Wallace,76,6107 Coleman Lodge Apt. 006,Victoriaville,Colorado,80321,-161.464914,-18.931782
Michele Cochran,68,3904 Smith Junction,Christopherhaven,Texas,58411,-145.479872,-30.6963345
Ann Stuart,21,90234 Scott Bridge,Port Amanda,South Carolina,00859,-9.249200,-20.687362
Zachary Sullivan,80,0147 Hannah Mountain,Annmouth,Colorado,44472,164.062621,81.540692
Alyssa Gill,52,941 Weber Meadows Apt. 120,West Janeshire,Pennsylvania,08913,-81.099942,-41.448893
Joseph Marsh,75,62392 Kerr Corners,North Luis,Louisiana,07155,28.274447,-33.4607085
Eric Hardy,79,8292 Nash Knoll Apt. 516,Garciaport,Tennessee,05557,-42.933872,-52.0476365
David Martin,80,72367 Smith Drives Suite 116,Lake Kelseyfort,Texas,76473,63.776327,-13.3548855
Stephen Carlson,28,3352 May Villages,New Melissa,California,71733,-88.087413,-38.2746505
Robert Miller,25,3065 Boyd Mountain Suite 360,Jamieshire,Alaska,99949,13.654743,-87.7504445
Mrs. Judith Willis MD,77,98984 Matthew Parkways,North Jeffreyside,Pennsylvania,80832,139.054107,-76.3289175
Briana Ray,43,01599 Charles Common Suite 922,Gibsonside,Nevada,26319,157.814757,-64.0621285
Laura Edwards,54,13708 Morales Hill,Port Kelsey,New Hampshire,53027,-14.643157,75.035530
Amanda Thompson,47,9471 Doyle Route Apt. 144,Linbury,Wisconsin,53251,99.190979,53.8204615
Linda Kelly,55,530 Tommy Isle Suite 419,Chrisbury,New Jersey,48844,103.851577,-9.852973
Benjamin Bishop,50,403 Taylor Harbor Apt. 477,Williamsside,Missouri,60444,-97.186614,85.3855375
Angela Wood,50,039 Rachel Club Apt. 030,Wufort,Ohio,47601,-66.595218,-55.1797585
Mr. Ronald James III,47,5724 Romero Way,East Seanshire,Indiana,72079,38.143409,39.6193455
Kelly Ayala,19,889 Cross Lock,Williamsmouth,Ohio,96278,-20.158227,-2.129003
Adam Morgan,51,263 Donald Motorway Suite 761,South Dennis,Alaska,25313,-74.364498,-13.157713
Kaitlin Larson,55,5749 Acevedo Vista Apt. 769,Friedmanfurt,Montana,76543,-152.206720,-7.158731
Joshua Pierce,53,085 Sharp Forge Suite 609,Velazquezport,Ohio,28146,-110.360618,71.284927
Samuel Cunningham,69,7407 Gilbert Ports,New Jeffery,Indiana,43603,57.930485,12.3909535
Lisa Curtis,31,3635 Angela Passage Suite 660,Taylorton,New York,79605,-167.925793,46.648683
Sara Gordon,61,8282 Johnson Shore,Lake Glenn,Kansas,26973,142.682585,17.1988055
Danielle Reyes,54,379 Matthew Union Apt. 878,Andrewsberg,North Carolina,37480,-31.364518,16.1083565
Dr. Audrey Caldwell,68,1848 Holly Unions Apt. 312,Dennisville,Nebraska,95335,-89.176780,-6.973715
Kathryn Lewis,28,18486 Thomas Walk,Port Anthony,Arkansas,08340,137.203553,-43.774108
Jennifer Garrett,32,7232 Steven Viaduct,Lake Shelby,Michigan,92028,97.332522,-12.7353205
Johnny Ford,38,02461 Valdez Throughway Apt. 804,Port Devin,Texas,75638,63.115751,-57.0185535
James Proctor,73,025 Mary Keys Suite 507,West Steven,Mississippi,51773,73.362022,-15.3894065
Kevin Rojas,71,427 Burgess Ford,Lake Amy,Massachusetts,39250,9.261292,82.816680
Martin Nash,28,4973 Barnes Mountains Apt. 317,Rosemouth,Rhode Island,55184,79.385032,-31.951944
Dylan Ross,52,993 Stanley Ville Apt. 849,West Samantha,Kentucky,55442,-84.095256,-60.835762
James Allen,18,1633 Brown Parkways Apt. 710,Port Karenmouth,Wyoming,69043,123.083833,25.4126345
Elizabeth Evans,56,57935 Shawn Point Suite 571,South Kaylastad,Kentucky,86960,58.250829,-27.8626935
Zachary Diaz,38,8957 Ortega Spurs,Raymondchester,Alabama,32974,-104.727482,-57.739735
Steven Barber,20,079 Jordan Crossroad,Destinyfort,Illinois,87349,-100.334607,78.322890
Sharon Brown,40,1713 Duane Corner,Curryview,Louisiana,87819,-97.349311,55.6121225
Margaret Davis,59,64550 Jeffrey Center Suite 587,Rodgersport,Tennessee,48432,-72.816545,-19.0971645
Anthony James,74,51657 Steven Lodge Apt. 276,Townsendborough,Connecticut,95325,-169.918681,69.268192
Sean Contreras,32,85636 Carlos Park Suite 699,Kristyfort,North Carolina,45711,-29.592656,43.675675
Mrs. Julie Weber,77,778 Townsend Light,Lake Donnaview,New Mexico,55766,-126.602984,44.2669625
Philip Carney,38,8099 Walker Fork Suite 948,New Stevenburgh,Vermont,02476,-173.752491,28.0674275
Sean Dorsey,49,6723 Bishop Glens,Dianeview,Ohio,39989,-18.745070,-76.6340395
Courtney Wood,49,340 Nicholas Squares,West Jessica,South Carolina,10499,41.857189,-13.3332535
Christina Edwards,79,85404 Donald Port Apt. 813,North Juan,Minnesota,13674,-105.110706,5.1326315
Kylie Johnson,46,0485 Lara Forge Suite 273,Edwardmouth,West Virginia,91807,105.254420,14.422351
Alyssa Carlson,46,58751 Kristin Divide,Port Richardside,Florida,66285,53.117337,-25.875323
Cristina Stafford,35,064 Brianna Road Apt. 640,North John,Indiana,90790,-86.257600,-32.307791
Arthur Patterson,56,12392 West Falls,Julieshire,Maine,23723,-23.416660,-61.222126
Kimberly Moore,36,32804 Stephanie Glen Apt. 995,Lake Nathaniel,Iowa,04155,-33.310687,-50.1224395
Latoya Branch,51,2935 Patrick Viaduct,Isabelchester,Illinois,63309,101.174391,9.720605
Paul Clark,68,958 Pamela Rest Suite 553,North Richard,New York,86767,143.846431,-45.2833565
Kevin Rangel,78,54530 Arroyo Parkways Suite 114,South Joseph,Pennsylvania,88653,-48.093532,-81.9611455
Rebecca Trujillo,43,778 Morales Throughway Apt. 605,Theodoremouth,Idaho,18353,-83.844984,-56.676566
Hector Branch,20,7774 Woods Canyon,Dariusfort,Arkansas,38352,-115.597748,-46.309957
Rachel Sellers,67,8813 Stone Crescent,Margaretborough,Georgia,26300,138.714611,-55.3624655
David Smith,41,84964 Davis Shore Apt. 104,Abigailfort,Vermont,55141,78.292566,-89.0684055
Justin Freeman,45,681 Chambers Mission Suite 060,Kristinastad,Texas,79726,164.690556,-60.348870
Charles Moran,66,4587 Paula Estates,Simmonsberg,California,22522,52.734026,-70.2507615
Emily Walls,25,50223 Oconnell Brooks,Lake Lindseyside,North Carolina,67418,38.558855,80.653716
Kristen Sparks,79,12920 Gregory Fork Suite 907,Chapmanmouth,North Carolina,21321,127.159566,-30.019374
Katherine Anderson,75,92246 Osborne Street Suite 761,North Dawnchester,Vermont,71372,-76.648527,84.156979
Catherine Sanders,39,653 Underwood Unions,Taylorstad,Alabama,53444,176.298328,72.014369
Eric Hayes,34,4273 Anderson Mountains,Millerside,Michigan,11893,-169.600873,-72.2642705
Desiree Gonzalez,23,334 Neal Divide,Robertstad,New Mexico,16386,37.786010,73.095019
Brenda Robbins,29,5817 Johnson Shore,Lake Luis,South Dakota,25971,67.419067,27.6271315
Deborah Baker,41,9959 Byrd Rapid,Barbaraberg,Kentucky,59588,-158.869922,-87.3652775
Lori Jenkins,43,048 Faulkner Freeway,Mcfarlandview,Missouri,70025,89.869331,-85.571605
Chloe Hart,70,7075 Benjamin Square Apt. 225,Shirleyburgh,South Carolina,16155,85.327000,70.1180225
Tammy Bell,58,3388 Ramos Coves Suite 410,New Kimberly,Washington,11310,103.287345,64.1535275
Antonio Howe,65,644 Turner Crossing Suite 370,New Joanmouth,West Virginia,47559,116.040230,38.236225
Dennis Fleming,60,10240 Torres Plaza,Masonmouth,Louisiana,61752,-50.619925,43.390614
Daniel Rodriguez,57,402 Hays Parks Apt. 863,Crystalside,Nebraska,84845,31.622740,-31.178259
Loretta Johnson,32,62441 Rebecca Street Apt. 657,East Jennifer,Texas,12822,-113.941593,57.084080
April Reynolds,58,7604 Veronica Ramp,Port Juliahaven,Delaware,27424,-40.352566,-21.9865845
Tiffany Kelley,54,398 Richard Wells Suite 098,North Amandaland,Washington,75186,69.063843,43.4760915
Jeffrey Lee,26,600 William Plain Apt. 672,East Williamtown,New Mexico,98836,80.405207,-28.4028045
Mary Doyle,44,665 Osborn Valley Apt. 287,Elliottville,Maryland,06285,-137.476120,-9.8884875
Jessica Norman,21,879 Nicholas Islands Suite 887,South Rebeccaborough,Minnesota,51785,34.500244,35.968637
Rachel Ramirez,30,665 Crystal Plaza,Lake Jerryland,Arkansas,31162,-151.989651,-50.6376985
James Bernard,70,0189 Eric Pass,Coxton,Kentucky,54847,-116.072106,-34.088961
Maria White,75,9351 Rachel Station Apt. 210,North Kimberlymouth,Ohio,67327,-74.565814,5.016954
Steven Walters,72,1377 Adam Garden Apt. 182,East Christianville,Maine,48989,104.507318,-34.3311635
Brittany Hutchinson,28,10967 Wright Cliff Suite 393,Lake Angelabury,Montana,72399,-94.872200,-42.910689
Ashley Espinoza,47,2678 Harris Forks,West Raymondshire,South Carolina,14206,-36.172398,-0.1392605
Rebecca Rogers,74,9837 Gordon Lodge,Patrickburgh,Maine,47339,116.173030,-10.7026185
Allen Blanchard,66,0822 Wood Field,Ericmouth,Idaho,03778,174.810757,-77.782586
Lynn Mann,20,11839 Thompson Plains Apt. 038,Garciabury,Delaware,88798,142.360836,-35.9334935
Joshua Carroll,59,3934 Santos Fall,Kennethmouth,Connecticut,25271,-51.445281,21.5236755
Andrew Griffin,66,002 Deborah Camp Apt. 820,Latoyachester,Wyoming,92340,-94.247130,-48.7377205
Matthew Bernard,28,278 Smith Well,Port Mallorymouth,Pennsylvania,55580,167.702929,31.935713
Lisa Bowman,55,54198 Veronica Court,Michaelville,Oregon,05761,-35.834712,-27.0658145
Rachael Reed,24,3285 Johnson Port Suite 682,Lake Roberthaven,North Dakota,07610,-86.786535,-74.0769965
Terri Matthews,42,9308 Mark Islands,Crystalmouth,South Carolina,39053,123.775024,-40.1794495
Kevin Jensen,32,965 Castillo Station,Colleenbury,Pennsylvania,80580,-17.962138,-76.5162065
Rose Walker,69,114 Ray Shores,Moralesside,Kentucky,47215,-69.945740,-87.7687825
Gabriel Wright,77,1714 Patricia Lake Suite 402,Matthewborough,Tennessee,71120,120.929852,82.484479
Patricia Alexander,29,9256 Alvarez Island Suite 982,Taylorview,Arkansas,57844,-142.660474,37.0610145
Tina Fields,62,306 James Rapids Apt. 696,Hernandezburgh,North Carolina,57511,121.417665,-64.645952
Evelyn Gonzales,69,570 Jason Walks Suite 275,Smithburgh,Montana,83970,-132.955269,4.406581
Kendra Ford,68,3486 Jennifer Corner,West Eric,North Carolina,93038,172.466298,-59.5190005
Sean Macdonald,49,13496 King Rest Suite 498,New Matthewshire,Wisconsin,15557,97.071371,-43.130427
Amy Buchanan,56,858 Banks Forges Suite 370,Lake Catherine,Pennsylvania,26791,127.190036,-62.9524655
Pamela Smith,41,20277 Aaron Spurs Apt. 392,East Andrewmouth,Michigan,38984,-52.884787,-50.832369
Heather Little,24,5116 Toni Vista,Mcgrathmouth,Kansas,59693,95.444339,47.4516865
Donald Brown,65,3704 Kimberly Mission Suite 792,Lake Michael,Idaho,06907,48.544829,63.4180595
Lisa Lin,25,77655 Nixon Lake Suite 787,Victoriashire,Kansas,18594,89.405753,57.621903
Stephanie Gonzalez,24,33095 Frank Landing,New Williamhaven,Alaska,85778,-37.231003,-6.158457
Danielle Kelly,40,75635 Peterson Stream,East Todd,Utah,62356,13.062017,29.810411
Jamie Hanson,43,870 Nicholas Pines,West Alanville,Nevada,30163,-149.204503,-69.0220985
Tracy Mendoza,26,3188 Raymond Oval Apt. 246,Port Kimberlytown,Nevada,44814,161.995072,-8.951258
David James,78,75946 Donald Villages,Kevinview,Arkansas,14326,108.603922,81.491411
Patrick Andrews,35,584 Bernard Knoll Apt. 786,Phillipsland,North Carolina,77068,-118.319313,57.4232405
Mary Farrell,79,91714 Watson Roads,Tinaborough,Georgia,93671,47.320943,47.273741
Noah Lewis,57,987 Laura Ridges Suite 832,Edwardstad,California,27132,-50.245305,31.355661
Thomas Atkinson,68,12367 Douglas Grove,Bowenview,Texas,89462,88.184252,11.8033475
Leslie Brown,60,591 Erin Freeway,Mosleytown,Nebraska,32239,3.726778,27.8821615
Curtis Harrison,75,61243 Danny Ridge Suite 148,Lopezview,Missouri,84288,-76.944774,-35.509318
Colin Middleton,21,152 Kent Court,Franklinmouth,South Dakota,05710,69.740521,-49.935839
Travis Williams,78,042 Jensen Valley,Lake Christina,New York,80332,130.512400,-43.7140235
Mackenzie Hicks,69,2927 Hensley Station Apt. 379,East Devin,Louisiana,83608,49.167021,10.4504785
Juan Hendricks,39,6831 Jackson Forks,New Jennifer,Indiana,06719,-112.347265,32.597291
Kimberly Heath,29,3814 Copeland Village Suite 656,West Lauraside,Pennsylvania,88496,128.082281,-29.079270
Tiffany Stephenson,29,2843 Patricia Station Suite 640,East Alex,Nebraska,84822,-100.196250,57.917876
Michael Young,60,4682 Williams Cove Suite 400,Port Brandontown,Maryland,73234,-114.641987,48.3394615
Christopher Hughes,66,974 Johnson Lane,Parkerview,Hawaii,01069,43.303597,55.934854
James Moore,77,708 Briana Island Apt. 102,Kellybury,Nevada,07000,143.649913,86.701020
Caitlin Jones,76,949 Gill Island,Davidborough,Wyoming,08618,145.085708,20.7489225
Matthew Hayes,64,64189 Howard Wall Suite 873,Wesleychester,Rhode Island,34513,179.245732,-3.4364505
Mary Cole,70,6494 Johnson Park,East Craig,California,53986,-119.554963,36.7403785
Barbara Mitchell,28,0991 Blair Plain,North Brianport,Tennessee,53617,56.697642,48.0156265
Dr. Christopher Williams,48,980 Brooke Oval Apt. 020,Jennifermouth,Texas,22732,39.572515,-89.046139
Melissa Gilbert,46,5613 Ronald Passage Apt. 698,Ellisonborough,Kansas,62544,110.788396,18.7192955
Zoe Mcconnell,26,8378 Joshua Plain,Hullbury,New Jersey,46037,-117.079164,-75.2324015
Debra Hickman,26,2598 Watson Station Suite 745,Lake Jonathan,Kansas,51862,125.492901,64.022107
David Parker,25,509 Stephen Pines,East Davidside,Alabama,86556,168.000959,-13.004220
Nancy Jordan,60,8633 Garza Rapids,East Katherine,New York,74698,52.926418,15.369480
William Roach,22,726 Phillip Drive,Port Theodore,Louisiana,02640,-4.369858,1.2265065
Denise Klein,77,5502 Flores Shore Apt. 213,Bonniechester,Iowa,65311,-154.309367,-62.9554425
Sergio Harris,29,762 Andrew Mews Apt. 008,Port Nicole,Colorado,42085,-117.440690,75.697465
Wesley Martinez,19,912 Victoria Junctions Apt. 329,Martinbury,North Carolina,12205,-14.374337,-81.7957445
Adrian Irwin MD,28,7233 Brenda Crest,Jacobfort,Georgia,14531,154.879494,67.3291685
Antonio Fox,65,6464 Bender Parkways,Englishmouth,Oklahoma,41276,26.865858,3.2498325
Brenda Blake,25,477 Sloan Rapids,Mariafort,Wyoming,53593,-12.927818,-11.883042
Michael Rodriguez,69,2524 Michael Spur,South Daniel,Indiana,49905,95.198706,-6.6418975
Michael Brooks,72,705 Munoz Villages Suite 644,Craighaven,Kansas,30119,88.027253,-15.404024
Elizabeth Thomas,19,99409 Mccormick Manors Apt. 256,Kennethborough,Rhode Island,79667,72.277975,89.1528745
Anne Page,32,97631 Amy Mission,Micheleview,Massachusetts,82756,-139.018439,-57.369460
Eric Scott,45,1695 Guzman Station,North Donaldville,Louisiana,41107,-91.809882,-27.4000755
John Lara,74,777 Kristen Courts,Ginamouth,Louisiana,55167,45.485582,-86.4655855
Andrew Cruz,58,823 Owens Stream,Phillipsland,New York,38143,-15.013763,5.2703155
Teresa Hill,36,86045 Amanda Harbors,East Nathan,Tennessee,99014,-43.578536,43.475963
Steven Jordan,72,16844 Harrison Terrace,North Elizabeth,Virginia,91293,107.792368,-20.3248045
Stephanie Le,76,5243 Berg Village,New Steventon,Maine,99493,113.883676,35.7353075
Sara Cameron,32,70251 Bonnie Summit,South Timothychester,Iowa,99834,-30.395648,66.9823875
Robin Gonzalez,18,267 Manuel Center Suite 028,Karenshire,Missouri,44819,124.955006,-30.5108495
Ariel Armstrong,40,124 Tamara Track Apt. 153,Meganside,Alabama,27678,-167.232667,7.857746
John Bowman,40,646 Campbell Forges,West Johnfort,Michigan,88759,23.674868,-67.746298
Donna Romero,56,51745 John Neck Suite 103,South Edwardburgh,Arizona,07105,174.771805,47.0673875
Jacob Ryan,66,125 Daniels Ville Apt. 744,Ambershire,Rhode Island,90548,77.100934,55.880389
Joshua Gutierrez,21,98819 Cabrera Point,Lake Marychester,Michigan,22134,-62.321729,15.569201
Katie Haney,49,9893 Hahn Mount,East Jennifer,Alabama,88796,79.732731,51.120835
Thomas Nelson,52,7435 Anthony Ferry,Davidstad,New Jersey,91657,121.994441,69.113117
Kristy Cook,25,11754 Serrano Lodge,Valentinemouth,Florida,25971,-15.938761,8.3989725
Adriana Brandt,32,72870 Clements Mountain,Port Thomasbury,West Virginia,11133,-166.201465,48.7801295
Beth Conner,18,150 Hamilton Walk,Barbaraside,Kentucky,89564,74.954366,-10.108294
Matthew Savage,29,9378 Cooley River,Carlaport,New Jersey,53442,71.952768,-6.5027385
James Fox,31,25539 Briana Cliff,Jennifermouth,Nebraska,68750,-10.863421,-14.9326935
Albert Howard,49,935 Wilkerson Bypass Suite 045,Port Joshuaborough,Kansas,39810,-99.642722,-72.2143315
Christopher Soto,43,7577 Jason Circle Suite 706,South Kristiville,Washington,04110,-76.439675,74.7371005
Garrett Allen,63,88854 Jennings Station Apt. 280,Barkerport,Alaska,52184,113.364961,-14.546522
Jennifer Brock,62,3667 Lee Stream,Richardton,Kansas,74825,-3.846409,89.047121
Jamie Hardy,71,23731 Marks Inlet Apt. 890,Kingview,Oregon,61913,59.181738,-43.3967335
Cindy Clark,73,927 Gabriella Fields Suite 796,Melissamouth,Missouri,63453,59.938133,-79.5915885
Jessica Farmer,55,6880 Chad Parkway,West Carolstad,Rhode Island,14042,-171.958853,85.3697945
Nancy Campbell,37,109 Weaver Row Apt. 037,Williamburgh,Alabama,36502,179.570746,-20.5902845
Lori Robles,57,61905 Burnett Fields,Johnmouth,Alabama,45384,79.679958,28.5743525
Jill Garcia,24,96787 Alexis Spring Suite 818,Collinsport,Iowa,62214,65.756575,-5.1177845
Allen Ellis,65,08733 Victoria Locks Apt. 477,Lake Valerie,Iowa,82660,-32.624859,87.5083805
Tyler Williams,75,66222 Wyatt Ports,Christianburgh,Oregon,06780,128.549166,33.0761525
Stacy Webb,24,357 Elaine Isle,South David,South Dakota,75434,132.244892,-40.593196
William Chen,46,6701 Hall Coves Apt. 925,Lake Kellyfort,Mississippi,17156,-155.410494,-63.0270535
Amanda Saunders,32,4899 James Dam Apt. 842,Washingtonstad,Mississippi,06265,95.651367,46.2409785
Janet York,77,54013 Haley Lights,South Jeromefort,Michigan,44230,122.795123,52.2739755
Jennifer Williams,45,39972 Davis Locks,Palmerbury,Tennessee,88280,77.009069,87.3208345
Michelle Wilson,44,2784 Walter Forges Apt. 971,Port Williamhaven,Pennsylvania,74267,-15.505780,-86.537179
Maria Simmons,20,4962 Wright Skyway Apt. 551,West Karenstad,Illinois,35430,67.971216,43.481980
Meredith Alvarado,71,9963 Collins Plain Suite 584,Elliottport,New York,70183,122.223589,50.975683
Pamela Robinson,47,43784 Cheryl Lake,Andersonside,Missouri,90727,-103.812780,60.568487
Brandy Sanders,80,25122 Matthews Spur Suite 744,Robertside,Mississippi,52605,119.640868,64.241345
Sarah Edwards,36,40719 Darrell Land,Erikaton,Oklahoma,89750,-54.874227,79.2063975
Kimberly Peters,36,86448 Jason Roads Suite 304,Ramirezstad,Pennsylvania,27859,-17.726474,-67.845395
April Moore,37,38408 Barrera Crescent Apt. 035,Matthewport,Kentucky,05234,-77.381502,-83.2260295
Jared Fowler,33,0182 Jason View Apt. 780,Rodriguezland,New York,00747,-166.088255,24.625670
Kristen Randolph,53,058 Luis Mission Apt. 942,South Lisaton,Kansas,71226,46.402291,-30.0609555
Earl Peterson,34,46400 Ramirez Islands Suite 405,Port Eric,Washington,71772,95.211182,-29.266588
Mr. Scott Hanson PhD,32,92662 Chandler Orchard,East Marialand,Illinois,26534,39.551590,13.7347415
Lisa Berry,55,749 Chelsea Junction,Deanfurt,Maine,35246,16.312078,28.682228
Shelley Newton,70,81709 David Glens Suite 869,Martinezchester,Pennsylvania,90813,98.510227,-11.221427
Dustin Lewis,28,708 Meyer Junction,Priceview,Alaska,17086,-148.427729,12.2704565
Garrett Jones,42,6642 Murphy Cove Apt. 927,Jonesland,New Hampshire,57220,-30.378833,-76.181659
Dustin Thompson,66,57736 Catherine Knoll Suite 522,Tomberg,Maryland,73657,-98.451481,69.3608395
Carlos Garcia,24,1107 Snow Viaduct,Seanbury,Delaware,01369,-8.030723,58.9220575
Michael Collins,60,6128 Reed Way,North John,Kansas,19174,-33.794433,30.759843
Nicole Graham,39,53579 Sandra Plaza Apt. 975,West Michaelfort,Maine,15166,-98.132743,-5.2955655
Courtney Davis,60,65237 Angela Canyon,South Tracy,Missouri,34680,-48.637664,16.6296975
Cindy Baker,57,671 Moore Extension Suite 155,Lake Austin,Indiana,27967,-110.157195,46.4045545
Stephen Nichols,20,218 Compton Valleys,South Jeremyton,Hawaii,82616,138.071595,42.550764
Ashley Harris,59,6559 Hernandez Mission Apt. 413,North Amymouth,Arizona,97538,-28.815665,-70.6750765
Gregory Anderson,37,1628 Manning Well,Port Mark,Wyoming,64454,-156.723619,-47.9202015
Katherine Johnson,25,3405 Duane Extension Suite 438,South Juliemouth,Arkansas,43518,-126.670836,-29.667136
Valerie Davis,60,49988 Cynthia Stream,New Pamela,Colorado,09676,139.072997,15.226410
Eric Richardson,22,97056 Johnson Mission,Browningfurt,Georgia,69347,40.929768,-79.637367
Kenneth Sanchez,73,4154 Evans Plains,Georgemouth,Florida,46662,171.663711,70.3400755
Erin Gilmore,68,09675 Graham Pike,East Micheal,Michigan,09755,24.809684,-12.193883
Molly Flores MD,45,644 Jeanette Landing,North Brenda,Wyoming,20237,-82.131407,-17.1918575
Teresa Strickland,60,633 Wolfe Corners Apt. 453,North Michaelview,Delaware,83717,-48.567437,-49.8126195
Brandi Ross,65,387 Michael Locks Apt. 891,Peterhaven,South Carolina,89648,-143.451520,-4.5526485
Matthew Allen,33,6738 Sean Squares Apt. 834,Rodriguezstad,Maryland,49483,54.027581,71.4746215
Kenneth West,34,566 Campbell Pines Apt. 087,Hannahfort,South Carolina,41619,-66.417342,-78.554101
Jeremy Hicks,73,868 Steve Prairie,North James,North Dakota,30509,-107.124318,-59.0404965
Tracy Evans,54,4564 Natalie Station Suite 582,Elliottstad,Nevada,60832,-167.647587,33.7311445
Andrew Sanders,22,32447 Thompson Burgs Apt. 491,Dennisside,Louisiana,91652,-27.366314,-46.8518195
Rhonda Smith,53,300 Hoffman Cape Suite 930,Port Erinbury,Mississippi,75718,108.394626,-73.707702
Douglas Hensley,27,3627 Higgins Mission,East Jessica,Mississippi,70583,114.093557,12.2159855
Joseph Marsh,53,50237 Durham Motorway,North Barbara,Washington,62943,-37.724409,83.316011
Patricia Wilson,39,56710 Anne Valley,North Robertview,Wisconsin,72548,-110.218335,13.9488045
Tammy York,39,50897 Wendy Coves Suite 145,Port Danielton,Oregon,69363,62.435463,36.9313395
Victoria Miller,42,436 Hoffman Summit,Hooverhaven,Arizona,35416,119.836725,28.2000005
Matthew Jones,24,57559 Richard Plains,Port Ronaldton,Minnesota,28728,15.100465,-71.9463715
Courtney Johnson,51,72240 Carpenter Ford,Lake Christina,Iowa,33521,-130.615748,25.973369
Heather Riley,58,8547 Skinner Inlet Suite 379,South Nicoleton,Alabama,52655,35.897485,65.052711
Beth Fernandez,26,416 Marcus Rapid Apt. 956,Jennafort,North Carolina,71355,52.631132,17.5397245
Jeffrey Wells,52,9193 Snyder Meadow Suite 986,South Ericbury,Tennessee,76565,135.003037,76.6309485
Christopher Jimenez,39,00032 Medina Estate Suite 851,Nicholasview,Delaware,66962,52.471471,-71.181030
Joshua Page,49,2662 Matthew Way Suite 860,East Charles,Kansas,13011,122.806508,73.302999
Vanessa Webb,32,626 Green Orchard,Beasleybury,Hawaii,56408,44.274139,-76.534907
Raymond Meyers,20,1536 Adams Plains Apt. 310,Charlesshire,Minnesota,09200,49.511268,1.0367025
Kenneth Anderson,46,426 Garner Creek Apt. 251,Vasqueztown,New Hampshire,16213,162.125922,-10.4100235
Daniel Davis,20,633 Randy Stravenue Suite 706,Katiefurt,Hawaii,93152,31.017131,-55.554847
Matthew Fry,43,719 Nelson Passage,Erinchester,Indiana,58593,-148.291705,-5.5335995
James Saunders,21,586 Melissa Highway Suite 860,Brownton,Minnesota,89269,148.528459,-69.684016
Brittany Hicks,22,25416 Moore Courts,North Austinside,Georgia,48386,156.450885,62.628519
Amber Chavez,53,05187 Maurice Trail,New Samuel,Iowa,85262,70.148408,-39.3773535
Holly Turner,42,95883 Valenzuela Glens,East Michael,Missouri,30868,176.050629,-10.9937445
Ronald Oliver,19,87012 Monique Brooks,North Vincent,Rhode Island,14625,37.013809,63.623074
James Moyer,56,47409 Steven Road,Meaganhaven,Maryland,82229,160.875080,59.234000
Jennifer Brown,39,69671 Cross Loop,Schneidertown,Virginia,98640,151.528253,62.086490
Patrick Williams,32,1736 Murray Stream,Rodriguezport,Georgia,97642,-8.431980,52.3964345
Robert Parrish,28,4258 Mills Squares,Port Stevenside,Arizona,39441,27.123445,-1.1694605
Casey Walker,65,5020 Rhonda Station Apt. 921,East Jodi,Connecticut,92816,-79.546025,18.4737885
Joseph Rice,33,387 Smith Turnpike Apt. 520,East Brettstad,Illinois,53680,157.586502,-4.214503
Karen Armstrong,67,54560 Marie Ville,Frazierburgh,Kentucky,31155,62.955566,7.618339
Sean Massey,67,5001 Patricia Ranch,Troyhaven,Oregon,90511,31.424106,61.7159025
Andrea Morris,55,8614 Chavez Street Suite 672,Terryview,Indiana,33514,17.120141,-46.036817
William Lewis,54,684 Brown Crossroad,Ritterstad,Vermont,21375,64.516407,-81.965990
Gina Graham,60,962 Miller Crescent Apt. 149,East Alison,Rhode Island,93640,-92.474340,41.757695
Michael Lewis,65,65490 Thompson Row,Paulville,New York,88016,-41.896645,47.3164225
Jessica Brooks,22,52527 Green Avenue,East Lauren,Colorado,28163,74.055349,-51.4741125
Joe Hill,67,9360 Liu Crest,Thompsonberg,New Hampshire,38052,105.346363,50.5679765
Katie Stone,74,540 James Locks,New Brian,Missouri,34231,12.557054,71.545018
Thomas Schmitt,49,2465 Joshua Pike,Jamesside,Maryland,01273,17.365149,58.407089
Elizabeth Martinez,42,749 Brown Fords,South William,Rhode Island,03787,71.945386,1.9654145
Christopher Nguyen,38,5362 Dominic Shoals Apt. 587,Richardsbury,South Dakota,71688,128.452001,53.9482105
Lisa Bryant,71,8278 Garcia Street Apt. 265,New Karenside,Texas,52206,-166.499460,-88.9078295
Rickey Smith,73,2602 Burgess Club Suite 168,Isaiahville,Arizona,55251,-136.182312,48.311853
Meagan Price,59,411 Smith Landing,Vincentfort,South Dakota,86224,-68.700154,70.107843
Melody Farley,46,0498 Martin Station,New Michael,Connecticut,43319,41.530262,-68.4393365
Albert Lewis,32,622 Andrew Locks,Lake Danielletown,Montana,82320,121.460131,43.931076
Bethany Daniels,68,25035 Green Station Apt. 998,Deniseton,Nebraska,15045,18.531213,-10.3422335
Sara Terry,42,11383 Angelica Freeway,Emilyfort,New Mexico,53076,135.709533,-63.4892825
Joshua Montgomery,74,2045 Adriana Meadow,East Stevenborough,Arizona,35822,-64.110895,-76.6089185
Mark Heath,24,35877 Gregory Wells Suite 656,West Juanfort,Michigan,36002,-53.245502,-5.155481
Joshua Ramirez,73,45357 Paul Crossroad Apt. 681,North Yolandaland,Tennessee,74353,50.861030,44.2668425
Anthony Contreras,21,10221 Sanchez Shore,Lake Daniel,Indiana,13664,-159.292208,-2.6642685
Laura Smith,20,939 Cook Manors Apt. 433,South Kyleland,Alaska,01361,-60.291636,33.2632695
John Scott,49,729 Lyons Meadow Apt. 805,Hollowaychester,Alaska,47157,-171.536664,24.1713325
Jordan Lee,50,830 Heather Mills Suite 480,Shawnview,Louisiana,62566,23.629689,-28.301952
Daniel King,55,04663 Sean Heights,Clarkhaven,Pennsylvania,46134,109.165137,-2.524054
Michael Collins,38,0147 Katherine Streets,West Hannah,Alabama,64017,-12.377441,-73.591717
Philip Ramos,34,6667 Christopher Landing,Garybury,South Carolina,92619,166.319927,54.559025
Nathan Gonzalez,51,96776 Gary Oval,South Robin,Nevada,91858,89.203797,0.3393715
Savannah Abbott,51,12841 Michael Trail Suite 886,New Natalie,Mississippi,05046,-69.446934,17.586942
Carmen Chandler,41,1930 Smith Haven Suite 211,Annetteview,Kansas,28773,12.994983,72.212182
Steven Mann,69,0478 Nancy Ports,North Sean,Oregon,12338,-127.774532,61.7750735
Matthew Brown,67,238 Matthew Junction Apt. 991,Anthonyhaven,Ohio,29502,18.545575,64.322393
Leah Stewart,52,074 Robert Forks Apt. 114,East Kevin,Nevada,54678,88.991920,-21.8674145
Jonathan Cook,66,5084 Robinson Ports,Stephanieton,Wisconsin,27023,103.420552,-69.078313
Kendra Clark DDS,20,4438 White Coves Apt. 162,East Michaelbury,Oklahoma,57198,-155.764993,16.2922045
Melissa Stevenson,29,3726 Tina Cape,Bruceshire,North Carolina,50124,166.788793,-61.4813525
Matthew Wilson,55,1938 Alyssa Vista,East Kara,Oklahoma,41472,84.734084,-15.8441025
Alyssa Gay,32,5153 Nancy Corners Apt. 245,Lake Amber,Ohio,01885,-5.686863,59.365757
Stacy Rodriguez,20,313 Bullock Cliff,Gailton,New Jersey,06850,53.536405,-33.9231235
Alex Peterson,76,46781 Richardson Mews Apt. 588,Justinton,Michigan,72549,25.059833,66.456035
Michael Morgan,61,51474 Blackwell Springs,Rachelhaven,Missouri,97918,-16.621712,33.444205
Heather Smith MD,30,7167 Barrett Mountains Suite 670,Lake Stevenville,Ohio,51167,-97.255154,-78.276684
Sheryl Stephens,60,1616 Moreno Manors Suite 721,North Daisyton,Pennsylvania,87791,-42.852638,-6.043873
Keith Cook,60,040 Jennifer Inlet,Lake Austinchester,New Jersey,36982,-102.808522,22.768146
Martin King,34,78067 Lawrence Land Apt. 318,Aaronfurt,Connecticut,90838,27.779524,-80.696678
Julie Johnson,47,1154 Terrell Valley Apt. 213,Jennifershire,Wisconsin,16041,-22.306123,12.324812
Karen Petersen,36,176 Moon Trail,Michelefurt,Nevada,67896,-104.852828,-73.293219
Raymond Ingram,20,2526 Amanda Plains,North Stephaniemouth,Florida,32520,-29.028695,-30.2788095
Preston Conner,49,50255 Reyes Walk Suite 891,East Keithmouth,Idaho,64907,-36.328688,-50.784527
Dr. Tyler Norman,18,6393 Reyes Meadow Apt. 830,Annchester,Idaho,93364,93.431912,-14.404439
Sarah Acevedo,80,200 Oliver Mountains Suite 676,Mendezburgh,New Mexico,74567,-93.327577,-88.251704
Jesse Hess,45,35825 Walters Pines Apt. 973,Walkermouth,Colorado,73417,64.624136,68.282235
Bernard Humphrey,24,54617 Dennis Manors Apt. 342,East Timothy,Michigan,41741,-168.151018,-59.002394
Lynn Palmer,79,0786 Courtney Highway,Frederickshire,Vermont,27639,-56.544074,-31.321208
Sarah Mcbride,27,8292 Sheila Ferry Suite 472,New Jeffreytown,Kansas,49147,-167.090492,51.5962665
Tammy Hughes,46,8937 Veronica Fords Suite 638,New Josephfort,Washington,62365,108.925844,-56.357338
Amanda Hopkins,27,74713 Benjamin Union Apt. 376,Jacksonmouth,West Virginia,78900,47.830608,27.770149
Alan Barrett,45,38905 Paige Parkways,Jonestown,West Virginia,74494,-132.349499,-86.3120995
Christopher Hill,40,5346 Tran Creek,New Melanie,Indiana,12738,91.759403,19.849343
Sara Armstrong,47,658 Diane Road Suite 029,Port Wendy,Michigan,40318,88.292530,-2.202123
Tara Jones,33,0594 Murray Island Suite 696,Port Sabrinafort,Connecticut,36566,-123.091420,46.464638
Deborah Nelson,51,994 Moore Springs,Erinfort,Indiana,51742,177.738653,17.0221265
Sheila Fernandez,61,448 David Trace Apt. 570,Port Daniel,Tennessee,95531,105.327991,-68.220350
Cody Sanders,53,8218 Brittany Plaza Suite 072,New Gregoryfurt,Georgia,84675,32.566578,-50.232651
Collin Harding,38,46416 Amanda Views,Mendozaberg,West Virginia,85470,165.345476,58.9785985
Christopher Bell,18,381 Linda Road,Karenchester,Maryland,34383,71.367541,-45.804812
Scott Russell,59,354 Watson Ville,Lake Caitlin,Illinois,23287,6.479289,67.395782
Stephanie May,19,9348 Cook Mills Suite 293,Cabreraton,Minnesota,25846,-161.381503,-28.875368
Alexander Collins,29,65790 Booth Heights,Erinhaven,Wyoming,48385,-177.724675,87.3241685
Wendy Figueroa,43,1807 Abigail Run,Patriciaburgh,New Mexico,91760,-161.671282,-62.4158525
Scott Griffin,21,454 Patricia Mountains Suite 339,North Josephmouth,Tennessee,76413,2.380861,79.3990895
Albert Schneider,22,0665 Caldwell Grove,South Stephanie,Utah,48246,37.633836,51.8003645
Mitchell Brewer,51,119 Walter Curve Apt. 980,Port Stephen,New Hampshire,02767,63.956540,86.4498725
Brandy Davila,46,51660 Dawson Springs,New Leviside,Wisconsin,61446,-49.339262,-33.6664695
Nicole White,34,0983 Alvarez Prairie Apt. 390,Michellebury,Wyoming,72475,130.114335,86.340083
Gregory Avila,38,77493 Matthew Square,Williamsshire,Wyoming,92875,-159.116546,2.182071
Elizabeth Johnson,51,678 Taylor Stream,Christophermouth,Illinois,57669,-127.842150,28.5929735
Jennifer Chen,22,256 Carson Camp Apt. 260,Port Heidichester,Rhode Island,72891,101.843602,-27.9918845
Andrew Mendoza,51,4228 Justin Centers,Taylorport,Iowa,43978,33.197062,-21.964604
Mrs. Jennifer Taylor,24,74992 Maynard Isle Suite 890,West Karenborough,South Carolina,23506,4.259584,44.369221
Mark Kirk,72,0563 Daniel Rapids Apt. 369,Hansonfort,Texas,13258,-45.031746,-87.524847
Dr. Samuel Diaz,53,2098 Thompson Centers,Carriebury,Arkansas,04907,-71.911149,39.276827
Matthew Holt,63,1295 Toni Lakes,East Brittany,Hawaii,44655,-71.629847,-33.8898195
Richard Wilcox,19,059 Kennedy Island Apt. 185,Port Austin,Montana,86341,-97.142390,-23.8591805
Pamela Ward,70,3625 Eric Crest,South Rachelfort,Florida,03738,-147.030837,43.388030
Wendy Turner,64,46850 Barnes Via,New Mark,Wyoming,14883,-38.731662,-39.699292
Natalie Lynch MD,74,078 Kirsten Ports Suite 929,Donnaton,Missouri,69540,-85.552927,77.945878
Robin Bright,40,8107 Angela Square Suite 195,Powellfort,California,95535,174.615418,-42.765070
Dawn Baxter,61,78772 Jon Corners,New Timothyview,Alaska,12552,35.131548,45.187496
Amanda Floyd,53,0950 Danielle Mall,Annbury,Nebraska,95664,2.707458,89.7193145
Steven Garcia,64,070 Miller Parkway Suite 470,Reyesview,Louisiana,99185,-168.994146,-79.951862
Angela Nichols,38,3160 Steele Forks,New Eric,Wisconsin,29911,-127.880207,-29.458587
Cassidy Hill,20,3744 Kevin Villages,Farrellbury,Missouri,93015,-129.390987,-76.584179
Amanda Hernandez,50,7466 Kristie Path,South Christine,Georgia,91389,95.720236,22.805814
Janet Ayers,59,64474 Joseph Walk Apt. 894,New Anthony,New Hampshire,08516,136.830469,-73.788632
Daniel Carpenter,20,374 Jones Drive,Lake Kimberlyborough,Montana,48341,-34.599224,-62.841213
Daniel Hampton,31,648 Mark Route Suite 205,Bartonhaven,Alabama,09111,41.781467,24.4857185
Monica Yoder,48,111 Rose Walk Apt. 351,Chavezland,Nebraska,78701,-30.864111,-55.4264565
Kenneth Preston,34,6862 Rodney Falls Suite 412,Mirandaview,Missouri,69037,167.487196,-41.674050
Jaime Baker,71,02416 Andrew Course Suite 687,Stevenston,Arizona,79564,35.194801,-82.841824
Nancy Davidson,69,3241 Gonzalez Mews,East Cory,Colorado,68356,23.681497,-2.658299
Jennifer Garcia,61,8472 Holmes Squares Apt. 388,East Shelly,Alaska,97085,112.550231,28.8583575
Courtney Cox,71,8066 Foley Corner Suite 820,Mcgeeport,Pennsylvania,60638,168.667851,-58.625438
Nathan Kim,30,2361 Charlotte Spring,South Tiffany,North Dakota,66767,122.990126,-58.2248915
Joshua Velez,68,64646 Laura Skyway,Davishaven,Oregon,78344,16.715570,39.762751
Nicole Cannon,78,9858 Thomas Lock,New Kenneth,Georgia,51756,-86.556335,-6.8028245
Kimberly Taylor,36,7689 Kristopher Manors,West Monica,Oregon,82844,102.521118,80.359156
Janet Brown,71,5585 Peter Crest,Raymondfurt,North Dakota,96882,-174.003607,18.185691
John Garcia,40,41497 Sandra Plain,Patrickview,Florida,62339,-153.482114,52.556895
Rebecca Pierce,23,76216 James View Suite 354,New Christina,Arizona,73010,-86.969674,-36.9471835
Ashley Stone,23,3751 Justin Knoll,East Keithbury,Wyoming,30987,-127.093237,80.519427
Justin Woods,42,3125 Foster Street Suite 314,New Corystad,Mississippi,86226,-112.220541,58.2877135
Denise Silva,72,6457 Erickson Plains Apt. 015,South Anna,West Virginia,88893,-179.923676,0.8394265
Joseph Cross,55,197 Scott Loaf Suite 103,Brookefurt,Florida,81082,-1.249118,59.4554765
William Fischer,28,65351 Emily Courts Apt. 938,Port Susanstad,Tennessee,96309,-170.455031,58.2838405
Thomas Melton,21,6647 Shaw Falls,Williamfurt,Delaware,74484,87.261057,-47.6377385
Brandon Glover,68,6652 Howell Track Suite 881,Port Theresastad,Louisiana,94120,51.277665,-73.9479395
Melanie Walker,78,74533 Kimberly Ridge Suite 970,Brownmouth,Minnesota,70496,2.138418,29.656971
Jean Lee,68,91814 Strickland Forks,Taylorfurt,Montana,30512,59.503226,46.3542865
Maria Ruiz,29,686 Courtney Alley,North Carlos,Delaware,76985,-179.301397,8.0599045
Jermaine Singh,80,06928 Jesse Junctions,Port Jonathan,Alabama,68826,109.179737,-83.6213525
Debra Johnson,48,74808 Alexander Harbors Apt. 246,New Michaelmouth,Idaho,12924,-29.494593,-7.6600555
Marcia Clements,63,271 Debra Oval Suite 721,Clarkborough,Connecticut,72527,-142.329480,-18.6579935
Sara Lewis,71,9796 Mason Fort,Brittanyburgh,Oklahoma,88054,116.236988,27.4478455
Patty Harvey,34,9734 Clark Ville Apt. 876,North Jessebury,Iowa,94473,105.266687,32.008244
John Garcia,26,58437 Richards Union Apt. 825,Lake Jason,Alabama,47726,-177.416653,58.846307
Matthew Dyer,24,51020 Martin Grove Apt. 573,North Melinda,Pennsylvania,10631,137.076674,-5.681345
Jessica Reeves,32,27665 Linda Highway,New Cassandrachester,Montana,57752,-39.283045,-55.2502755
Rhonda Taylor,35,61533 Escobar Ways Suite 664,New Jon,Michigan,66731,-147.624843,51.175623
Paul Gibson,66,3274 Romero Union,East Mariabury,Minnesota,11461,-73.497403,75.3119635
Charles Banks,41,24219 Huffman Forge Suite 150,Burkechester,Maryland,60450,-117.522965,-17.008825
Charles Gonzalez,38,09651 Mcdaniel Junction,Lake Elizabeth,Texas,44566,-173.995180,-78.6357885
Steven Torres,53,3416 Michael Tunnel,North Gregorymouth,Rhode Island,32221,93.739672,54.4514625
Danielle Lewis,23,186 Newman Wall,Saraborough,Wisconsin,34469,-28.200631,46.681094
Sarah Chen,58,825 Brown Roads Apt. 528,West Victor,Pennsylvania,59163,140.912035,85.357964
Susan Myers,20,38334 Avila Dam,Alejandromouth,Tennessee,37799,69.734242,23.2882745
Katherine Sullivan,59,836 Amanda Road,Port Robert,Texas,05838,-129.055398,8.485814
Laura Strong,49,4927 Richard Trace Suite 597,Lake Tiffanybury,North Carolina,33832,-63.913250,8.523305
Tanya English,34,613 Richard Vista Suite 203,Richardsside,South Dakota,14980,72.007237,69.626899
Lisa Collins,58,42726 Hahn Divide,North Eric,Nevada,41799,57.637176,16.660006
Ryan Parks,80,448 Sanders Run,West Kathrynbury,South Carolina,54846,134.265766,69.849426
Ashley Green,79,113 Bonnie Locks,East Robertberg,Nebraska,77854,12.930818,-83.1315655
Richard Harris,49,6993 Kathy Underpass Apt. 609,Theresamouth,Maine,23716,140.148906,-73.084057
Brandon Pope,20,932 Mclean Points,Gibsonchester,Oregon,79557,17.432839,47.2965975
Angela Gray,24,335 Jared Islands,New Bobbyberg,Washington,49424,-9.375203,-30.3788705
Lisa Robertson,28,64400 Joshua Crossroad,Heathermouth,Delaware,66260,12.905140,-5.932136
Patrick Anderson,66,7020 Vargas Keys,North Nicole,Maine,06124,114.065013,-59.1012355
Charles Henderson,39,76740 Ortiz Freeway,Jacksonhaven,Ohio,47687,-24.869340,-85.7426475
Susan Short,78,1297 Kayla Mission,West Carl,New Hampshire,14438,-127.452181,51.1969095
Kristin Schmidt,34,88533 Ramos Causeway,Port Emilyburgh,Oklahoma,42098,45.606016,-36.188982
Alison Liu,53,11628 Taylor Lights,Lake Karishire,Arizona,09201,-103.304423,4.0060895
Linda Perez,61,88395 James Locks,North Stevenfort,Oregon,50901,-149.818313,-62.395581
Rachel Woods,33,1826 Robert Station,Bethbury,Vermont,14737,-137.966344,25.311408
Lauren Gallegos,25,69175 Brandi Route,New Christianview,Nevada,29614,-54.000441,-11.2694415
Pamela Brown,46,517 King Road,Bennetttown,Louisiana,10950,10.439609,-64.309123
Erica Garza,28,131 Castillo Plaza,Bridgesberg,Nevada,18034,66.916787,-31.891717
Jason Williams,66,04793 Marshall Lock Apt. 650,North Johnborough,Massachusetts,66432,-153.663173,84.1882205
Maria Cunningham,26,812 Nicholas Grove,West Laura,Washington,33797,-103.388744,76.2570905
David Rivera,57,19818 Ortega Passage Suite 754,Jacobchester,Montana,52130,-131.807319,-39.7767715
Elizabeth Fernandez,70,94147 Hall Pass,Johnbury,Massachusetts,76994,21.959065,47.740784
Kevin Kim,64,153 King Canyon,East Megan,Idaho,38376,-34.364807,70.3650745
Kenneth Allen,80,5531 Phillips Port Apt. 592,Shawnshire,Pennsylvania,62030,-120.002863,83.3632945
Angela Schmidt,72,869 Mills Lock,New Jeffrey,North Dakota,62647,0.962112,-59.115832
Mariah Trevino,80,5472 John Lodge Suite 386,East Chloe,Utah,54750,-178.359242,76.5327885
Miss Amy Snyder,21,1954 Daniel Roads Apt. 446,Harrisonshire,North Carolina,53009,-6.740445,-58.5615185
Laurie Noble,37,1514 Whitaker Run Apt. 496,Port Stephenchester,Kansas,85225,-170.904999,-66.3344295
Anna Maxwell,74,44106 Nathan Center Apt. 127,Perezhaven,Kentucky,22777,99.702104,40.9369165
Anna Nolan,43,1044 Ann Point,Lake Joseph,Massachusetts,14334,57.105848,84.170916
Rhonda Vaughan,75,8765 Carey Wells Suite 567,North Johnmouth,Mississippi,85845,140.128089,-50.360709
Derek Martinez,49,61916 Padilla Plain Apt. 317,Tinatown,Indiana,52702,-79.054813,-70.7051215
Katherine Young,53,744 Christopher Squares Suite 931,North Michaelberg,Mississippi,01482,-44.239167,68.6848205
Christopher Bullock,27,990 Molina Terrace Suite 060,Jessicaborough,Alabama,97990,-77.494496,-24.388753
Diana Patterson,23,006 Becker Valley,Christopherport,Tennessee,24445,17.184543,74.8240185
James Robbins,57,460 Luna Shore,North William,Texas,38121,25.579291,65.968822
Russell Wilson,79,17839 Robinson Hill,Lake Noah,California,47376,-142.696094,-37.779561
Theodore Bennett,42,95553 Tony Common,Edwardfort,Maine,26311,65.346258,15.716803
Sarah Hughes,45,61125 Allen Gardens Suite 094,Davismouth,Alaska,44989,-137.595449,69.601205
James Riggs,41,740 Hancock Avenue Apt. 375,Keithville,Hawaii,45643,-134.207201,51.3197635
Desiree Hansen,75,717 Parker Motorway,North Brandon,Colorado,01057,-23.118392,3.8453055
Lisa Lawson,46,7106 Moore Glens Apt. 436,Christinamouth,Montana,34143,176.230664,41.887554
Jessica Shaw,70,1729 Simmons Valley Apt. 407,East Christianhaven,Massachusetts,86176,178.340152,-88.484475
Kayla Green,72,4535 Dwayne Canyon Suite 208,Pierceview,Arizona,79085,6.142442,5.892104
Laura Rogers,77,23199 Anthony Canyon Suite 777,Rileyfort,Utah,92925,-136.737636,-40.008844
Kristy Mcintyre,64,9487 Cheyenne Avenue,North Lindaport,Utah,09571,-67.103495,36.6118925
Kenneth Mccarthy,34,24874 Hines Stravenue Suite 359,Port Samuel,Washington,60055,-138.471486,70.791677
Ronald Mclaughlin,36,725 Anderson Island,Burnsview,Alabama,40542,123.619023,-68.9223445
Victoria Cain,24,713 Steven Square,Jeffreyview,Utah,99422,-35.768133,7.2431305
Terri Torres,59,946 Kathleen Union,Jasonchester,Illinois,26372,-50.884318,-2.5780225
Ricardo Love,51,7432 Ramos Islands,East Jessica,Tennessee,70431,-73.791017,-1.1087705
Christina Cobb,53,8906 John Lodge Apt. 699,West Helen,Iowa,71729,139.815809,57.3311105
Kimberly Ortiz,25,961 Jessica Mission,West Carlburgh,Maryland,63063,-70.401143,-87.336185
Amy Hanson,55,5906 Sharp Mountains,Andreamouth,Oklahoma,47259,-40.218234,-89.6168015
Jeffrey Owens,27,432 Diana Ferry Apt. 622,Williamton,New York,96246,66.672512,-84.5466685
Kathryn Galvan,70,4750 Snow Expressway Suite 188,Jadeside,Minnesota,53582,7.302454,-40.1613695
David Stephens,73,229 Seth Place,Annamouth,Alaska,20357,99.306150,-68.9047365
David Thomas,44,232 Melissa Fork,South Alexis,West Virginia,04381,-178.054201,-35.865705
Philip Grant,78,367 Williams Crescent,East Scottport,Delaware,74515,153.109030,10.2217545
Corey Sawyer,63,33691 Monica Forges Suite 021,Wrightton,Georgia,11734,-133.318699,-27.1996005
Robin Williams,76,69206 James Plaza Apt. 794,Mitchellside,Alabama,37713,88.858816,4.6520155
Gregory Erickson,65,27124 Christopher Lodge,Ryanport,Massachusetts,08142,116.655521,-77.7794855
Amanda Stephens,56,7624 Whitehead Crescent Apt. 413,Martinland,Georgia,24037,82.054725,-51.5873135
Stanley Alexander,48,980 Newton Stravenue,North Bryanville,Utah,05125,169.332471,80.493921
Holly Sanders,74,9812 Nicole Burg Apt. 529,Sabrinabury,Nebraska,76230,179.465170,14.2067005
Stacy Sexton,49,366 Laura Lodge Apt. 578,East Cassandra,Indiana,32411,7.658368,-81.7190635
Kiara Arnold,40,94181 Robin Islands Suite 815,East Dominiquefort,Louisiana,35267,-136.864866,-0.600475
Diana Flowers,44,9872 Grant Mills,West Jessicafort,Ohio,52885,-100.258611,-73.364675
Grace Sanchez,23,569 Williams Spurs,West Kevinborough,Michigan,12598,-177.459536,11.957039
Gary Walsh,57,62677 Kristen Haven,Kingview,Wisconsin,29148,171.974709,-42.5456795
Natalie Cole,52,438 Ramsey Lane,Ericville,Missouri,46915,-172.292990,-12.9263105
Kenneth Carr,75,25064 Dean Heights Suite 707,Lake Debra,Washington,01115,176.357097,-65.754340
Sarah Hamilton,59,404 Diana Fork,Avilafurt,Ohio,78043,54.816844,40.1293595
Brian Moore,36,6563 Todd Squares Apt. 473,Lake Jacobport,Alabama,41697,71.963193,-51.3646125
Jesse Hernandez,56,54664 Jimmy Point,Jordanburgh,Montana,56959,-21.690017,38.2450145
Patricia Brown,71,5616 Alexis Pine Apt. 865,Yatesview,Delaware,07315,-66.583952,46.6282255
Sandra Johnson,76,86529 Hicks Coves,Jenniferport,Kansas,72560,118.419284,-26.6929225
Melissa Roy,25,69540 Amanda Ford,East Sarafurt,New Mexico,19199,53.966509,9.5766105
Mr. Ruben Miller MD,29,1609 Madison Junction Suite 955,Davidsonland,South Dakota,82079,-139.630419,-72.845010
Felicia Mclean,25,969 Casey Hill Apt. 242,Brookebury,Minnesota,44344,-102.789781,-23.665910
Daryl Johnson,78,502 Aaron Overpass Suite 124,Kristinfort,Washington,21402,-129.442396,-23.789089
Gina Miller,74,43957 Kelly Cove Apt. 389,Amandabury,North Carolina,45004,-172.904536,51.9719995
Kristine Parsons,77,86635 Rodriguez Club Apt. 978,North Melindafort,Washington,26347,33.079229,82.8783745
Kayla Baker,36,82525 Connie Mountain Apt. 510,Forbesfurt,Virginia,39226,-35.725379,-31.597853
Jacqueline Huynh,21,397 Hayley Underpass Apt. 842,East Diana,Alaska,38311,-44.846203,21.306291
Bonnie Mcguire,21,0893 Teresa River,Judithville,Alaska,19723,87.775827,53.5116475
Valerie Chapman,42,8962 Laurie Corners,Hillborough,Arizona,54958,126.309157,62.318072
Casey Mcfarland,76,46944 Kent Greens Suite 700,Adamsmouth,Washington,99779,-77.200349,62.948019
Jacob Smith,56,2348 Tate Street Apt. 866,Lake Vanessa,Idaho,82293,175.927506,23.3387135
Elizabeth Lee,23,219 Jason Flat Suite 230,Randallmouth,Arizona,29911,-97.545419,-20.4677735
Karen Ali,69,03128 Costa Ports Apt. 407,Christopherton,Delaware,10862,80.455221,27.212454
Jaclyn Johnson,37,70892 Carson Expressway,Lake Michelle,Hawaii,04575,17.825937,55.290650
Miss Sara Elliott,59,461 Frost Street Apt. 721,South Elizabethburgh,Ohio,42469,61.258963,36.794235
Alan Jones,49,7354 Miller Mountain Suite 016,North Wanda,Iowa,20142,-17.290022,-76.650471
Brian Rogers,77,89325 Kim Meadows Apt. 675,Sanchezchester,Illinois,35483,-79.755256,-41.083702
Melinda Mercado,48,597 Walters Plaza,North Savannahfurt,Kentucky,27656,-97.750575,-87.728281
Jamie Davidson,67,56362 Henderson Harbor,Port Kellyland,Florida,56163,-111.487337,45.3530955
Stacey Miller,55,427 Wendy Roads Suite 082,Kennedyview,Illinois,13830,-93.292060,-52.255256
Betty Wilson,72,484 Allen Extension Apt. 790,West Andrew,Massachusetts,60181,130.460715,-69.172885
Jonathan Zhang,20,425 Mccoy Rue,Davidview,North Carolina,11599,-122.597317,34.2555525
Jack Rivas,65,8232 Cummings Manor,Alyssashire,Missouri,84852,-116.436411,-1.407064
Tiffany Gill,26,8947 Haas Extension Apt. 870,Markville,Arkansas,69533,-16.977307,69.6530005
Erica Fisher,74,126 Angela Green,Heatherland,Oklahoma,02459,162.595438,18.372077
Nicolas Brown,43,86233 Gaines Lake,Liuton,Mississippi,13106,-31.769809,67.973593
Amanda Edwards,29,4042 Anthony Point Suite 159,Lake Angelaton,New Hampshire,04943,-176.447495,-11.692223
Valerie Guzman,58,58093 Allen Forges Suite 192,Danielfurt,Utah,10521,144.973626,-52.449490
Rachel Sampson,79,6389 Charles Inlet,Hodgetown,Vermont,80651,116.752132,71.9487765
Courtney Foster,80,199 Carmen Avenue Apt. 097,Torresfort,Oregon,49968,73.058130,-19.7678215
Amanda Ortiz,47,094 Vincent Way,Port Catherineside,Arizona,28523,-147.621825,-48.114871
Amanda Davis,33,18512 Jacob Place,Port Gregfurt,Montana,55990,142.773264,1.8993975
Steven Fletcher,74,555 Audrey Knoll,Howeshire,South Carolina,07157,168.960423,-61.989081
Joshua Murphy,30,764 Carmen Burg Suite 614,Lake Joshua,Louisiana,05378,177.343070,26.3084045
Noah Rodgers,58,5895 Laura Ramp,West Matthewton,Pennsylvania,61583,-84.745710,29.986096
Carl Herman,19,9340 White Prairie,Gonzalezton,Alabama,79590,-142.322473,55.6722145
James Lewis,60,663 Jones Curve,Sharonmouth,Colorado,87298,42.333767,-32.6110195
Andrew Hughes,49,23549 Long Cliffs,Barrerabury,New York,00925,92.602784,18.814887
Mary Butler,33,18332 Mejia Rapids,Jasonville,Oregon,97299,38.979570,63.1100895
Hannah Dawson,22,73345 Sims Ramp Suite 189,New Lisa,North Dakota,73669,21.222774,66.8115785
Diana Anderson,59,9766 Kimberly Wall,West Donald,South Dakota,40869,134.393035,74.787883
Roger Coffey,62,505 Matthew Lights,Teresachester,Alabama,98000,54.491815,-1.633451
Frances Thomas,38,59562 Ayala Centers Suite 997,Edwardchester,Idaho,44426,52.829854,67.7611695
Becky Brown,61,06300 Traci Rue,South Jessicafurt,Nebraska,29587,133.819246,-53.045320
Clayton Hester,28,40852 Bautista Freeway,North Jose,Illinois,48630,-125.025122,77.7270065
Karen Richardson,54,7103 Hardy Drive,Hesterbury,New Hampshire,41450,103.707959,25.763385
Timothy Smith,79,876 Fowler Forges,South Gregory,Iowa,84231,-14.861078,-26.7187275
Kristen Tucker,77,312 Rachel Cliff,Anthonymouth,Florida,98532,-63.728145,13.7185985
Janet Gonzalez,47,9937 Nicholas Course,East Andrewfort,Missouri,62076,-113.602119,-26.428843
Paige Fox,19,732 Farley Square,Michelleborough,Wyoming,94791,-96.988877,65.210851
Aaron Little,26,8884 Johnson Village Suite 738,Port Stacey,Utah,61215,137.241908,-62.643916
Robin Patterson,68,411 Bowman Rapids Apt. 510,Lloydmouth,Texas,79333,-108.200863,9.2674375
Mrs. Sarah Lopez,35,31592 Zavala Glens Suite 530,West Davidchester,Iowa,77887,-23.451247,-21.0892325
George Morales,27,84961 Michael Dam Apt. 125,Thompsonland,Tennessee,62077,171.956094,-40.832933
Amy Jones,63,31043 Amber Rapids Suite 387,Moorefurt,New Jersey,26808,93.537906,-15.513570
Michele Martinez,22,6335 Jeffery Bypass Suite 680,Lawrencetown,Pennsylvania,55231,-13.569114,32.2113055
John Wiley,70,909 Ashley Cliff Apt. 361,Port Francishaven,California,12238,1.095096,-10.9316255
Tammy Thompson,34,735 Huber Parkways,South Amychester,Connecticut,89121,100.121051,70.410129
Debra Davenport,61,522 Lauren Loaf Suite 549,New Dianeshire,South Dakota,06880,-169.963300,0.427019
Joanna Perez,26,956 Ryan Harbors,Duranland,Nevada,53862,-30.754755,56.301402
Jaime Thomas,52,2535 Julie Ridges Apt. 032,Port Jennifer,Oregon,22652,13.488936,83.4131655
Leslie Green,68,7098 Gordon Passage Suite 497,East Matthew,Alaska,43986,-59.127750,-41.4236075
Christian Williams,18,016 Owens Court,North Daniellemouth,Vermont,50135,-38.931834,-39.047382
Michael Knight,58,9832 Williams Landing,New Crystalview,Hawaii,30230,-77.734748,21.9498675
Joseph Forbes,44,282 Felicia Circles Suite 691,Port Margaret,Ohio,06457,-19.135659,-65.8389725
Cindy Smith,34,008 Mitchell Freeway Suite 314,West Erin,Maryland,58478,-175.404413,13.7552785
Paul Fuller,28,7986 Hicks Squares Suite 450,North Joseph,Nebraska,06608,-167.806822,-64.340487
Monica Thomas,61,730 Collins Common Apt. 111,Randallmouth,Colorado,21519,40.992791,14.5710235
Daniel Mitchell,75,0817 Erica Causeway Apt. 506,Deannaland,Missouri,32111,124.572681,-74.2176785
Stacey Higgins,43,97670 Amy Grove Apt. 770,Heatherside,Maine,55354,15.698456,47.122505
Debbie Smith,23,404 Susan Valleys Apt. 354,Jenkinsshire,South Carolina,61616,-28.622479,16.1963345
Joseph Carey,47,396 Donna Fords Apt. 719,Lake Nathanstad,Alabama,08328,-92.484224,8.8833955
Edwin Stevenson,25,079 Charles Square Apt. 057,New Catherine,Michigan,94025,-83.193495,62.226314
Sue Garcia,60,0783 Alexander Road,Wolfechester,Delaware,33431,-137.041209,78.6020905
Sara Zamora,63,8118 Valerie Overpass,South Carlos,Kentucky,71022,-40.128318,-89.681999
Michael Smith,71,1354 Gonzalez Lodge Apt. 883,Lake Melissa,Kentucky,18626,77.453179,-13.7396925
Brittany Sullivan,56,2250 Hill Pine,South Anthony,Tennessee,75458,94.972140,-28.1020565
Joshua Roberts,67,980 Forbes Station,Patrickmouth,South Carolina,83548,-160.301242,27.8989795
Suzanne Cohen,77,311 Price Villages,Jacksonburgh,Kansas,46169,178.652502,75.070607
Aaron George,48,741 Jesus Glen Apt. 513,Danielberg,Connecticut,63166,-94.376136,-85.1474015
Madeline Horton,26,037 Matthew View,South Stephenborough,North Carolina,25967,68.988724,-25.440474
Jose Wagner,33,6297 Edward Views Apt. 158,Seanborough,Michigan,81682,66.765350,-28.323524
Jillian Lowe,70,01961 Miles Plains,Shannonside,Louisiana,20089,4.639673,44.089336
Lisa Simmons,55,427 Karen Trail,Kimberlyhaven,Iowa,00777,-9.999600,80.053961
Mr. Zachary Bowen,61,862 Hanson Alley Apt. 731,Greenhaven,Vermont,92836,122.339567,44.499969
Stacy Tucker,20,40416 Chad Divide,Lucasland,Arkansas,12284,-145.616117,-55.895184
John David,20,8172 Paul Loop,Travisshire,Mississippi,64875,-173.054105,46.2036685
James Martin,31,391 Tiffany Landing,Melissaborough,Illinois,18100,39.760508,-44.7921225
Jon Fuller,20,3635 Casey Road Apt. 448,Katrinashire,Connecticut,93434,-162.112334,-58.053007
Jenny Fields,29,77306 Rocha Trace Suite 165,Curryville,Massachusetts,41176,114.334300,38.2516625
Antonio Bell,58,47203 Rodney Mill,North Tamarachester,Montana,88977,-150.447321,15.419552
Anne Evans,41,1929 James Mill,Port Elizabeth,New York,66095,94.628958,-22.188493
Jennifer Bonilla,55,723 Lewis Drive,Shelbyhaven,Maryland,50694,-0.165615,80.033174
Keith Leon,73,665 James Wall,Lake James,Montana,77317,-138.216730,46.6194195
Kimberly Mitchell,44,47320 Parker Overpass,Dylanhaven,Washington,66485,-22.745176,-23.1794365
Mark Robinson,32,393 Terri Path Suite 602,New Richard,Missouri,98590,38.011222,-79.1365165
Andrea Simpson,54,8362 Hammond Villages,East Christinamouth,Arizona,53045,-127.884747,58.106394
James Williamson,24,21088 Keller Plain Suite 290,Martinchester,Maine,50589,-39.345697,-51.2199305
Debbie Ford MD,41,23220 Montgomery Mountain,West Matthewside,Oklahoma,99197,-96.252413,-49.5785325
Kevin Shaw,63,9107 Davenport Motorway Apt. 243,West Michaelside,Tennessee,95753,-94.011419,70.767930
Robert Ramirez,56,49142 Brett Overpass,Pierceport,Michigan,42977,33.263524,82.721913
Elizabeth Johnson,33,845 Colon Bypass,West Eric,Minnesota,53153,17.325292,-68.9457625
Nancy Jones,70,7854 Shelton Radial Suite 645,New Tammy,Tennessee,88217,-16.707511,-58.053842
Darrell Suarez,76,30619 Jesse Gardens Suite 307,Laurieside,Maine,71960,72.412779,5.3240695
Karen Jones,60,34651 Christina Dale Suite 218,Lake Oliviashire,Indiana,24812,-92.499512,-27.6060205
Kristina Grant,37,259 Samantha Creek Suite 946,Chloefort,Virginia,64305,-47.061928,-51.2464215
Susan Rogers,32,4558 Thomas Stravenue Suite 924,Carlshire,North Carolina,20905,-76.651611,-36.1237605
Laurie Williams,80,29546 Tyler Corners Apt. 126,East Brian,Illinois,63763,77.237498,-5.8612995
Richard Williams,32,5053 Henry Fords Apt. 394,Bellborough,Illinois,46919,-178.028738,46.7784195
Rodney Fritz,20,243 Jessica Place Apt. 088,Hubbardfort,Iowa,16407,129.677979,40.8675735
Arthur Arnold,23,491 Cynthia Creek,Moorebury,New York,00964,-107.839911,-18.879464
Christopher Hernandez,54,01669 Sean Dam,New Jasonburgh,Alaska,43814,27.441687,6.568236
Nicholas Waters,32,455 Nguyen Circles Apt. 452,Brownfurt,Washington,54094,92.490879,-14.6543885
Peter Gray,36,0008 Roberts Rapids,West Andrew,Texas,19908,83.359730,53.852314
Alicia Wang,41,577 Sharon Rue Apt. 881,Lake Claudiaside,Indiana,39398,-161.817343,-36.9017215
Dr. Jimmy Barajas,40,27987 Samuel Row Suite 159,Debraland,New Jersey,76781,17.448303,88.0387515
Joel Contreras,36,1886 Lori Terrace Suite 486,Johnsontown,Oklahoma,84977,-56.803009,-13.539828
Natasha Campbell,73,7698 Frances Light,West Kristen,South Carolina,33630,130.463387,10.0038415
Tammy Campbell,22,47995 Schneider Spur Suite 446,Sarastad,New Mexico,97736,19.845214,63.5646755
Cynthia Wolfe,21,24047 Branch Rest Apt. 255,East Roberto,Alabama,74439,154.349822,-17.773150
Paul Peterson,70,21809 Anderson Ramp,Lisaport,West Virginia,19014,-143.455199,81.1171345
Joseph Johnson,23,30568 Stone Parkway,Robertshaven,Washington,02291,-42.009463,-51.9006075
Mary Glass,33,9271 Courtney Throughway Suite 994,Muellerton,Wyoming,30849,-170.208243,37.370442
Julie Hudson,76,72481 Caroline Courts,Port Christine,Georgia,93920,-150.651953,-78.3351505
Cassandra Gates,74,333 Kyle Shores Apt. 263,South Timothy,Maine,50357,142.349588,-11.5101875
Daniel Dixon,47,3902 Johnson Knoll Suite 393,Josephshire,California,35546,19.688400,-42.551131
Michael Schmidt,58,68001 Teresa Bridge Apt. 116,Wallaceburgh,Indiana,56304,54.210348,50.483510
Alicia Mason,50,5775 Beltran Keys Suite 559,North Amy,Louisiana,13510,-158.686491,5.446905
Natalie Montgomery,33,61491 Romero Course,Adamshire,Virginia,87658,-174.737371,44.462318
Joshua Barnett,40,439 Becker Run Apt. 212,South John,Virginia,71331,-8.670791,35.7509515
Derek Johnson,35,05170 Martinez Mission Apt. 682,Danielberg,Colorado,65421,-149.554295,-24.5945515
Ruth Duke,32,8018 Christopher Gateway,East Jacobside,New York,79940,22.310658,-82.472631
Julie Weaver,75,65429 Deborah Ranch Apt. 223,Johntown,New York,68422,-158.071068,33.744831
Jessica Le,60,93506 Anna Valleys,Laurastad,West Virginia,81928,-114.487852,85.231897
Krystal Adams,47,21856 Thompson Path Suite 108,Lake Joseph,West Virginia,18408,15.103534,-72.667893
Craig Hernandez,29,41772 Richard Pines Apt. 376,Deborahshire,Kentucky,82958,48.794755,89.5243245
Michelle Gordon,53,7521 Gomez Wells Suite 581,New Aprilview,Arkansas,89700,-166.028000,-62.695319
Robert Bryant,35,8081 Smith Lock,Garrettshire,Washington,62147,-139.856754,38.485356
Rachael Burgess,18,18706 Smith Lakes,Gentrychester,Idaho,21992,-62.467224,-45.833224
Tyler Wu,58,9958 Tammie Trail,New Jeffrey,New Jersey,58698,80.518709,38.0756515
Diana Lang,47,15439 Brian Circles Suite 896,Jacksonfurt,Mississippi,34700,28.953433,63.454928
Janice Simmons,63,01363 Miguel Cliffs Apt. 852,South Michaelstad,Utah,15989,-137.409076,-14.279991
Raymond Hoffman,39,56872 Glass Viaduct,New Sarahview,Georgia,29543,8.162808,-66.519385
Cathy Smith,19,779 Adkins Passage,Denisestad,Ohio,67713,117.503352,45.214603
Renee Martin,21,6784 Waller Trafficway Apt. 655,New Cynthia,Wisconsin,72263,154.411631,71.6081565
Christopher Aguilar,49,80072 Berry Fall,South Shannon,North Carolina,19384,-172.599940,47.9485435
David Gonzales,28,1658 Wong Island,Reynoldsside,Maryland,30135,-149.817463,-48.524890
Linda Mccoy,18,53396 Paul Lodge Suite 285,Brandonburgh,Florida,47899,-93.105111,76.0679575
Victoria Buckley,48,4560 Young Port Apt. 433,Smithborough,Indiana,93379,36.260423,72.4105815
Erica Campos,76,77856 Olivia Stravenue,Smithshire,Oregon,73134,16.757802,38.783317
Curtis Fritz,47,5166 Emily Path Suite 649,East Ianbury,South Dakota,19751,48.954162,54.7332975
Jacob Martinez DVM,36,048 Arthur Trace Suite 330,West Joshuachester,Georgia,28796,-89.439030,38.160091
Mark Anderson,56,56555 Jacobs Underpass,Kevinbury,Tennessee,27139,-15.673935,6.916430
Jesus Barnes,66,390 Frazier Hills Suite 752,Port Melaniehaven,Vermont,41541,-106.693668,45.542100
Charles Burton,26,9445 Barnes Locks Apt. 760,Johnmouth,Tennessee,62711,-8.094433,6.493357
Tammy Curtis,75,5134 Christopher Plaza Apt. 895,New Tanyaview,California,39374,147.491319,45.3299505
William Graham,50,13253 Justin Tunnel Apt. 645,East Brian,Mississippi,60307,-80.610909,-81.658753
