1,Janice Baker,56,416 Jackson Views,Port Stevestad,Louisiana,95658,159.63138000,-29.93326300
2,William Olson,48,5543 Castro Club,Anthonyview,Maryland,43628,-30.10364500,-1.25861850
6,Kayla James,49,97080 Nelson Route,Whitechester,Nevada,00760,89.78911300,-65.53706400
8,Christopher Phillips,61,9179 Kristie Meadows Suite 653,South Teresa,New Jersey,87178,176.34975000,-10.03326750
9,Joseph Vance,59,540 Davies Mews,North Roberttown,Louisiana,99316,57.45654000,-38.68872100
11,Jacqueline Hodges,50,567 Peter Well,Port Stevenbury,Hawaii,55646,109.13259700,26.22832050
12,Tammy Lopez,68,5021 Sandoval Motorway,Dixonland,Nebraska,24932,121.05790100,-27.55749700
13,Gary Maldonado,59,4078 Whitaker Turnpike,Martinezside,Idaho,33412,-96.00956600,-72.64473400
14,Jacqueline Becker,61,6995 Melanie Rue Apt. 102,Port Mirandaborough,Idaho,02773,-3.78587000,15.76696450
15,Diane Simmons,55,0976 Charles Bypass,Jamesstad,Vermont,47557,154.23926000,8.23254750
17,Jeffrey Johnson,75,84333 Rebecca Alley Suite 105,Hallstad,Ohio,11638,68.74099900,-68.23397900
18,Amanda Lewis,44,39640 Diana Station Suite 471,New Madisonfurt,Arizona,73721,-43.68137800,3.28099500
19,Latasha Nelson,74,127 Steven Meadows Apt. 473,North Sarahbury,Delaware,33987,-49.79100100,11.28078150
20,Melissa Phillips,57,82750 Gregory Courts Suite 432,Payneview,Virginia,54023,-128.05861100,-2.70162900
22,Christian Cook,77,0624 Smith Shore,East Natasha,Virginia,21501,55.05771200,61.39926500
23,Nancy Johnson,63,573 Michael Haven Apt. 909,Sarafurt,Georgia,24645,-116.07479000,86.85164200
24,William Holmes,58,911 Reynolds Glens,Harrellbury,Oklahoma,11400,170.17514000,-48.74059450
25,Sarah Castaneda,78,8138 John Prairie,Beasleybury,Wyoming,61730,67.68504000,-54.40588200
28,Michael Cole,57,1220 Mary Stravenue,Mooretown,West Virginia,80661,-73.91465100,-38.77537050
29,Brandon Harper,70,45475 Desiree Lock Suite 354,Port Erin,Illinois,87528,96.02914400,-58.55272650
30,Michael Ellis,66,8574 Woods Walks,Nancyhaven,New Jersey,53107,-77.40151700,-32.27111350
31,Jennifer Freeman,49,564 Stephanie Flat Apt. 500,Spencermouth,South Carolina,93455,-4.57606400,69.80595400
32,George Harris,59,0276 Smith Neck Suite 678,Chambersville,Wyoming,80114,-4.45783500,18.42158950
33,Sarah Barnett,67,968 Ross Motorway,Lake Brandonberg,South Carolina,82729,-88.52864400,73.54012650
34,Tanya King,63,55660 James Forks Apt. 959,Amyshire,Nebraska,18953,152.39530300,-76.71179600
36,Jessica Holmes,42,53610 Golden Rue,Hawkinsland,Ohio,44084,171.24307300,-39.50316450
38,Yolanda Johnson,78,6350 Tyler Mews Suite 097,North Debra,Nevada,87550,-83.46473700,43.62228350
40,Arthur Price,72,46833 Philip Walks,Luceroside,Wyoming,62744,-4.68503700,-47.52274750
41,Mr. Timothy Garcia Jr.,47,86295 Daniel Meadows Suite 082,Harrisfurt,Arkansas,69525,-51.05779800,16.78929000
44,Shane Mcbride,62,32234 Molly Mountain Suite 757,Nicholasborough,Idaho,61266,-23.22609200,42.64054050
47,Daniel Shelton,72,839 Brian Square,Henryside,Tennessee,61026,147.26391500,-71.45769650
48,Ethan Gould,70,4316 Marcus Lodge,Brianburgh,New Hampshire,82254,21.21049500,-39.24956700
51,Manuel White,65,495 Seth Mountains,South Matthew,Delaware,41028,-127.74799600,8.00734650
53,Susan Jones,63,5382 Sexton Gardens,Port Maureen,New York,66580,147.62862800,54.25684550
54,Jodi Reed,69,7437 Schaefer Brook,Zacharyville,New Mexico,12779,-66.08719400,-4.19663950
55,Bradley Black,57,1928 Lane Orchard Apt. 444,Lake Barry,Oregon,16313,97.64767600,3.25351350
57,Caitlin Beck,74,095 Carroll Flat Apt. 128,Garyview,North Carolina,82515,119.02833400,-75.66296450
58,Richard Soto,41,1203 George Pass,Annahaven,Wyoming,95511,31.36949300,-42.14915400
60,Larry King,79,1274 Dawn Fords Apt. 674,North Nicoleton,Illinois,89284,-39.70188900,-61.52562500
62,Shawn Pitts,59,453 Jacqueline Road,Elizabethberg,Connecticut,62580,-91.27972300,-27.19815500
63,Jeffrey Hogan,63,1645 Davis Pine,Savannahland,Maine,98715,-8.29749200,22.24959650
64,James Branch,70,091 Lang Branch,Maureenmouth,Wyoming,41451,132.97210700,-13.44620450
65,Christopher Page,46,858 Richmond Gateway,Veronicatown,New Mexico,11468,-151.63322900,-67.09946150
67,Joshua Harris,56,25842 Glen Mount Apt. 156,Longfort,Alabama,48477,91.54128700,-73.69861250
70,Gary Gutierrez,70,0365 Amber Villages,Christopherton,Texas,58186,25.16675500,56.18080000
72,Tyler Woods,77,6600 Erica Stream,East Katrinatown,Illinois,04797,-57.22832700,-79.65091600
73,Morgan Sweeney,48,697 Alexander Harbor Suite 421,Lindseyland,Oklahoma,81165,73.80875900,79.12166250
74,Mary Sims,79,209 Laura Bridge,North Tammy,Oregon,56145,-173.83933500,-53.47834350
75,Steven Ramos,64,4673 William Wall,South Summer,Delaware,93164,-6.92280400,-44.98945450
76,Edward Lester,69,720 Charles Park,Lake Robertfurt,Hawaii,80408,-44.70260000,-73.35365250
78,Nicole Harris,72,3792 Chris Springs,New Richardton,Vermont,16945,-58.23090900,68.63763550
79,Christopher Pitts,43,5075 David Club,North Brad,Texas,89742,82.80715100,69.86427050
80,Kari Robinson,63,4310 Lorraine Ford Apt. 969,New Don,Minnesota,62321,138.23741200,1.82569900
81,Jenny Harper,62,194 Evans Green Apt. 099,Lake Raymondville,Pennsylvania,34457,-86.58445300,55.29245700
84,Joshua Wong,43,215 Reyes Inlet Suite 663,Nicolemouth,Nebraska,75905,128.09757100,19.75793700
85,Catherine Russell,61,478 Ray Point,New Alexandraburgh,Alabama,24094,-150.76188100,-43.31701800
86,John Fields,50,051 Gordon Path Suite 812,West Jasmineview,Texas,33348,-153.17519500,2.60263450
87,Jason Wilson,47,643 Robinson Run Apt. 336,Steventon,Kansas,23818,-166.94509000,32.70497750
88,Rebecca Jimenez,61,97102 Martin Point Apt. 779,Kruegerville,Oregon,94217,-114.23385200,-11.00636550
90,Mark Allen,59,05303 Steve Viaduct,Jodiview,Vermont,05712,-56.31725800,-13.33991050
91,Michele Castaneda,55,824 Michael Avenue,South Michelleborough,Virginia,52740,-95.62881800,-3.29374450
93,Kelsey Morgan,67,722 Jackson Route Suite 130,Rogersview,Maine,54866,41.88617600,-81.31371050
95,Traci Herrera,42,765 Michael Extension Apt. 767,New Phillip,New Mexico,01416,-171.77840500,47.79078650
96,Joshua Zamora,70,5308 Amanda Ford,Lake Phillip,Georgia,55887,-25.94111100,59.96333300
97,Paul Wright,62,159 Linda Squares Suite 500,Riveramouth,Iowa,42958,165.08505700,49.11681500
98,Michael Boyd,73,89050 Russell Valley,Jonesfort,Delaware,55579,11.24994900,28.26114350
99,Suzanne Jackson MD,66,4095 Shah Crossing Suite 328,West Loriton,Pennsylvania,22665,-27.18782200,30.33351900
105,Scott Newman,52,30468 Ruben Road,Michaelbury,Louisiana,78590,30.06179900,84.55306650
107,Jessica Carter,51,985 Smith Causeway Suite 622,Tranberg,Michigan,57490,-8.66677800,-22.44723100
109,David Jones,52,222 Ashley Gardens,West Barbara,New Jersey,07247,-1.40956800,-6.72696900
110,Jade Gaines,76,0101 Mason Plains Apt. 522,North David,Alabama,10241,-12.16345100,43.79816800
112,Brittany Smith,42,48705 Tyler Run Apt. 038,Heatherport,Pennsylvania,55618,-18.17876300,85.46077650
114,Jennifer Garcia,60,8953 Patrick Mills Suite 704,Deanborough,Delaware,61314,-54.97692900,-25.37543800
115,Suzanne Stone,59,9949 Holt Key Suite 671,Port Jacobmouth,Kansas,61263,-102.01272900,56.86943650
116,Michelle Kim,67,889 James Hill Apt. 738,South Matthewmouth,Mississippi,87787,-147.22592800,22.02225350
117,Brenda Turner,41,1735 William Forest,Port Patrickborough,Kansas,11397,-16.78368800,49.73397350
118,Richard Meyer,50,8181 Justin Road,West Michael,New York,33308,-166.69732900,-54.02452400
121,Sydney Gomez,73,515 Frederick Common,Bonillabury,Pennsylvania,80933,-18.88835500,-4.74090300
122,Catherine Hardy,47,954 Owens Pines,Mayfurt,Idaho,93717,81.28943800,15.62013300
123,Vanessa Terry,75,467 Christina Garden Suite 020,Vangtown,Alaska,37484,144.84333000,19.49061000
124,John Soto,80,587 Scott Prairie,South Ericaburgh,Massachusetts,17517,15.32303300,58.05548300
125,Natalie Neal,46,513 Michael Trail Apt. 957,Mortonborough,Arizona,47440,113.31959700,2.35787650
126,Vincent Perez,66,960 Madison Shoals Suite 003,Hayesmouth,Minnesota,94398,-129.99742400,8.12518100
132,Matthew Bates,56,8071 Dunn Trail,Annmouth,Idaho,07530,108.05217900,-77.13773700
133,Marcus Mills,78,23184 Hurley Fork,Mariaville,Maine,87551,104.56055000,49.24456200
135,John Frank,74,72991 Herman Camp Apt. 185,Lopezside,New York,96903,-10.29268300,38.54043350
139,David Carlson,45,7006 Obrien Ridges Apt. 148,Julieport,South Dakota,96194,-126.39000800,27.19566850
143,Mr. Sean Scott,78,58520 Fisher Vista,West Brendaburgh,North Dakota,67043,25.20797500,-13.89855200
145,Christopher Mueller,75,839 Dodson Fields,Katherinemouth,Michigan,98860,-46.45572700,-37.04744650
147,Susan Garcia DVM,59,851 Wells Island,West Kenneth,Utah,91915,107.33874900,32.98244000
149,Allison Obrien,45,1627 Matthew Manor Apt. 287,Kevinbury,Ohio,87424,-30.11114800,-13.90989550
151,Teresa Hodges,58,6553 Smith Fork,Kellerport,Delaware,29164,11.78099900,44.84003100
154,Diane Jordan,47,14780 Mike Stravenue,North Robertchester,Arkansas,53311,-166.60985000,-67.78662750
155,Morgan Taylor,63,63186 Martin Road Suite 033,Bryanland,Missouri,16144,-143.79809600,-85.92316250
156,Katherine Walsh DDS,67,488 Bates Grove,Lake Ian,California,07735,-167.82538800,68.10516400
157,Tyler Garcia,78,096 Adkins Mews,East Hannah,Utah,76720,-16.25761500,-16.81791000
159,Shannon Anderson,66,675 Mary Heights Apt. 450,New Cindy,New Hampshire,77784,-99.12055800,-22.29416350
160,Jake Nunez,53,553 Marsh Passage,Ashleyburgh,Arizona,92200,135.94194000,3.72328400
161,Joshua Rice,42,26660 Stanley Burgs,Mcdonaldbury,Massachusetts,53407,148.73600000,69.17120650
163,Tyler Waters,64,30741 Velez Neck,Brandonberg,Connecticut,44546,-110.31524800,38.90718950
166,Emily Martinez,62,40990 Allison Mills Suite 704,South Christian,North Carolina,93302,-17.89358900,32.30866400
167,Daniel Douglas,56,9456 Chad Prairie,Lisamouth,Tennessee,41188,-92.18794500,25.11808050
168,Kimberly Gallagher,43,29226 Joseph Heights,Choiville,Rhode Island,45781,-123.13774900,6.02958000
170,David Wheeler,44,5992 Krueger Landing,Lake Randall,Illinois,76253,14.70825900,-78.36138800
171,Keith Flores,76,74388 Ramos Trail,South Julie,Montana,66560,176.80572300,88.92163100
172,Marcus Bean,74,221 Smith Corners Apt. 280,Port Maryfurt,Minnesota,57494,74.79770700,41.88344750
173,Patrick Green,77,914 Linda Plaza Apt. 773,Dianaville,Washington,08979,87.51959500,13.79636000
174,Rachel Jones,70,75568 Alex Grove Apt. 976,Michaelburgh,Nebraska,43819,106.67655000,10.83919700
175,Angel Estes,56,734 Jackson Brook,Watsontown,Arizona,65301,175.22965300,-79.65056150
176,Angela Patrick,42,44934 Hill Shoals Apt. 860,Jefffurt,Florida,48092,164.52556600,26.14479250
177,Theresa Porter,52,5908 Jaime Radial,Brettland,Delaware,81042,34.63102200,-47.29529850
178,Tracy Cole,74,299 Sullivan Hills,Danielstad,Illinois,55837,20.44473000,40.24353350
180,Alison Bruce,68,285 Michael Fort,Lake Erin,Wyoming,26291,30.63033300,9.64449850
181,Robert Greene MD,48,91968 Evan Parkways,Hunterfurt,Louisiana,57200,173.85841000,85.12483700
183,Jeffrey Oliver,72,1634 Flores Track,Craigberg,Georgia,31743,-19.64694400,-81.24029650
184,Manuel Lyons,57,360 Daugherty Oval Apt. 590,North Toddburgh,Illinois,33558,-91.91834700,-48.15506250
185,Walter Rodriguez,68,5279 Jennifer Knolls Suite 570,South Douglas,Florida,86836,-57.98830700,86.25696550
187,Edward Gonzales,79,85920 Gray Trail,Lake Melissa,Illinois,50735,-135.84002100,-2.04379500
190,Tara Dunn,43,465 Jimenez Corner Suite 796,South Amanda,Maine,32270,166.49730600,-49.78161500
192,Michael Taylor,50,502 Perkins Street,Theresamouth,California,84481,122.25507600,-64.65933550
193,Amy Mclean,70,2996 Christopher Cliff Apt. 575,Newtonport,Massachusetts,46679,-167.74843600,48.36728200
194,Aaron Jacobs,75,548 Crawford Station Suite 688,East Baileyhaven,Oregon,20677,61.48234300,9.42268100
196,Kathleen Kerr,51,106 Cardenas Springs Suite 357,Carrieberg,California,15524,-12.26790900,-69.65075350
197,Robert Wallace,50,26346 Nguyen Walks,South Brooke,Arkansas,13222,105.39982300,-71.68854450
199,Joshua Berger,53,23335 Chapman Isle Apt. 934,Port Joshua,Ohio,08691,-70.21743700,-70.50138200
200,David Smith,78,704 Soto Rapid Apt. 246,Melissatown,Iowa,07807,4.20248300,-22.09686950
201,Larry Johnston,48,094 Kramer Club Apt. 466,North Jenna,Wisconsin,09674,-29.76845200,-38.82946250
203,Francisco Lloyd,70,69571 Mcclain Pines Apt. 170,Williamschester,Texas,12474,-144.65125100,-18.36994500
204,Ashley Snyder,54,99282 Matthew Lights Suite 433,Rogerport,Iowa,14195,171.41750600,-55.58401050
209,Dawn Smith,43,078 Smith Vista,North Margaretborough,Texas,99269,50.25891900,-42.10314000
210,Madison Johnson,78,44896 David Grove Apt. 772,Victoriaborough,Virginia,54980,148.92631700,67.53940650
212,Ashley Monroe,59,58783 Miller Station,Santostown,Virginia,76549,-90.26722000,-83.94045850
213,Henry Gillespie,75,306 Laura Bypass Suite 131,Anthonyview,Oregon,07543,-82.32695600,-80.19609600
214,Dawn Wong,70,826 Jessica Junction,New Angelahaven,California,25701,-95.33692400,27.41014000
217,Randy Shaw,68,931 Cody Rest,Walshmouth,Virginia,46796,-59.51063600,47.98953400
218,Reginald Stone,74,308 Quinn Lights Apt. 681,Garyhaven,North Dakota,68583,-161.04989200,-6.65417750
219,Gary Stanley,75,8360 Ann Cliffs Suite 521,East Nicholasville,Nebraska,26251,-116.07823000,-33.16892200
220,Karen Richard,59,764 Simmons Hill,Rogerland,Minnesota,22922,54.82125200,-48.90320900
223,Michelle Hall,48,531 Edwards Row Apt. 553,North Josephburgh,Maryland,98383,174.93737700,-67.61151600
224,Terry Brown,61,5582 Johnson Knoll Apt. 430,West Kari,North Carolina,53443,-72.55672200,88.03391950
225,Amber Underwood MD,72,0851 Jacobs Glens Suite 113,Cookmouth,New Jersey,93419,-161.66201700,-56.69931500
226,Gail Lam,52,6353 Contreras Manor,Port Josephfort,Indiana,16612,-44.54480700,-23.69987500
227,Joyce Gomez,57,6883 Erica Shoals,South Dave,Colorado,65864,108.75429200,-32.37514300
228,James Johnson,64,3956 William Crossroad Suite 045,New Bonnieville,Texas,04646,156.38290000,35.69745750
229,Leslie Hardin,71,2218 Rodriguez Island Apt. 129,West Jordanmouth,Iowa,85720,134.13178400,-69.84599450
230,Christopher Smith,44,9926 Ho Light Suite 660,New Charlesberg,Vermont,96020,51.32181500,-86.44253900
231,Matthew Gonzalez,71,22001 Brenda Courts,Mckinneyfort,Nevada,22486,-57.80795700,-61.44448200
232,Nicole Mccoy,53,32947 Amber Lane Apt. 098,Port Stephanieberg,Hawaii,34411,107.15473900,-21.34677800
233,April Phillips MD,71,76058 Haley Burgs Apt. 680,Marioborough,Missouri,36184,-155.27110200,72.72840700
234,Anna Miller,67,47535 Bryan Corners,New Judy,Oregon,50743,-79.36244500,-4.93594650
239,Thomas Williams,43,228 Cook Stream,Priceville,Washington,23540,-4.58193500,60.43788000
241,Lori Peters,48,5587 Pamela Landing Apt. 111,Lake Melissa,Oklahoma,19899,-36.16506100,3.64009900
244,Thomas Marquez,79,38821 Butler Circle,South Andrea,Kansas,33593,144.53523800,-24.62555700
246,Randy Jimenez,58,6431 Tamara Mountain Suite 510,Rebeccachester,Virginia,42911,-159.57822600,31.70171750
247,Jordan Walker,64,47371 Robinson Curve,Gregorychester,Delaware,25441,119.01141100,23.26962200
249,Michael Montoya,43,00773 Perez Drive Apt. 490,East Amy,South Carolina,03721,-13.52968400,33.48020100
250,Meagan Webster,44,1882 Combs Loop Suite 558,Pollardburgh,Kansas,14479,94.57133900,37.48726850
251,Robert Lawrence MD,66,489 David Keys,West Lisa,Pennsylvania,21891,-102.59121800,33.06707550
252,Holly Jones,57,1382 Russell Squares,Garymouth,Nevada,34920,-131.83722100,53.89619000
254,Stephen Taylor,57,7748 Carla Crescent Apt. 657,South Steve,Kansas,55010,125.77589400,50.78340850
255,Mercedes Campbell,60,2331 Donald Station,New Audreyton,Maine,69127,-89.71928700,-11.75918200
256,Krista Murphy,54,0266 Michael Wall,Danielleborough,Texas,61209,-26.18682500,-29.94775850
257,Taylor Shaffer,63,433 Pamela Causeway,Hansenberg,Pennsylvania,09548,71.32922300,45.83886650
258,Henry Hill,63,6967 Anthony Street Suite 010,Bensonside,North Dakota,73397,177.76873000,38.31033050
259,Brett Reilly,44,50181 Stevens Estate,Lake Sonya,Oregon,68915,100.44069800,43.32069400
260,Debra Ross,59,278 Kidd Falls,Michaelhaven,South Carolina,42505,-161.22874900,51.06548700
263,Rita Keller,43,5970 Kevin Shores Suite 723,South Jonathonland,Texas,55554,117.03265400,70.78143050
264,Megan Taylor,44,240 Nguyen Avenue,New Dylanborough,California,22258,-122.12761600,76.14256200
265,Christopher Mitchell,50,466 Alexander Mall,New Erica,Arizona,24719,-170.45089400,-9.30456650
266,Shane Carpenter,54,708 Rose Cape,Lake Lisa,North Dakota,18835,-61.97298500,62.72930800
267,Steve Cook,75,185 Kaitlin Shoal,New Kenneth,Vermont,49623,127.77444400,74.41474650
269,Carol Rodriguez,52,763 Arnold Coves Apt. 928,Lake Briannaside,Indiana,57891,-76.56853200,-26.59864550
272,David Martinez,69,504 Michael Island,Williamschester,Georgia,88517,-9.40056400,-8.06014900
273,Jason Hudson,74,63743 Hamilton Plain,Maryside,Texas,72693,135.32990100,47.56551000
274,Valerie Johnson,78,840 Anderson Well,East David,Tennessee,20829,-8.53978100,68.62348850
275,Kayla Scott,48,8627 James Stream Apt. 648,Amyview,Louisiana,18524,3.66757300,-27.81912250
277,Molly Ford,76,80154 Carter Parks,Tamarashire,Washington,37680,-41.24455800,-37.37691750
278,Amber Grant,44,90237 Rose Glens,East Robinton,Tennessee,33958,158.41457500,-6.57559600
281,Michael Williams,77,117 Monroe Groves,West Jennifer,Illinois,21187,-83.43047100,2.54847900
286,Lindsey Melton,74,009 Heather Field Suite 564,East Robertland,New York,15241,-52.72803200,17.82283500
287,Kathleen Gomez,66,881 Henry Spurs,Alanmouth,Florida,34083,-83.99272000,-34.45705850
288,Amanda Rush,44,502 Elizabeth Place,Matthewbury,Delaware,39238,70.24278600,-54.43071500
290,Charlotte Summers,57,67690 Amber Throughway,South Ambershire,Nevada,27294,-118.93644300,21.03669600
292,Donna Smith,79,12713 House Key Apt. 160,South Luistown,Michigan,45043,-28.62555000,3.04215650
293,Frederick Contreras,77,01253 Harold Mission Apt. 688,Roberttown,Oklahoma,59701,10.94214900,57.56805550
294,John Tate,72,1456 Fernandez Rest,North Morgan,Rhode Island,71012,-126.48887800,-56.52968600
296,Travis Turner,41,00628 Walter Trail Apt. 460,Kristishire,Arizona,05527,163.40505900,-5.07608350
299,Bobby Haley,61,299 Sara Roads,West Jason,Montana,02589,40.09267200,-86.52936900
300,Steven Wallace,58,1311 Sean Hollow Apt. 875,Port Ambertown,Louisiana,22585,39.39536200,-60.86368350
301,Stephanie Taylor,42,34124 Craig Cape,Elizabethview,Hawaii,61160,169.59453500,69.15257750
302,Maria Bender,76,487 Samuel Mountains,New Josehaven,South Carolina,10659,150.74222300,-18.81919100
303,Jose Choi,77,1941 Michelle Park,West Erinburgh,Texas,04187,-169.83836500,60.16275450
304,Ricardo Velasquez DVM,56,5122 Baker Divide Apt. 024,New Tanya,Massachusetts,53123,62.58726700,78.60411300
305,Mario Booker,76,1711 Hannah Ford Apt. 852,South Joshuahaven,Alaska,22401,122.65241200,20.75548150
306,Joanne Weiss,62,49562 Hanson Port,West Rita,Massachusetts,16474,105.27024900,-38.02947100
308,Donna Anderson,51,631 Copeland Estates Apt. 602,Lake Danielle,Oregon,74302,71.75737400,-48.52857500
309,Connor Rivera,60,9189 Gregory Forge,Port Gregory,Florida,55728,83.73763600,6.69412500
310,Becky Ford,56,206 Danielle Lakes Suite 506,West Brendafort,North Dakota,96837,27.39522700,-26.27899500
311,Kimberly Clark,67,62190 Irwin Valleys,Hugheshaven,Michigan,53225,148.66562800,61.88151750
313,Laura Cunningham,80,95731 Sheila Port Apt. 069,Laurenchester,North Dakota,01591,-61.47583400,73.22880000
314,Ethan Brown,67,3916 Palmer Street Apt. 273,Harveyport,Tennessee,51199,-22.48917900,15.60549500
316,Aaron Berg,47,1565 Laurie Cape Suite 520,Port Melanie,Nebraska,40577,-156.18415200,-5.91490050
318,Dillon Hall,42,8422 Sandoval Courts Apt. 964,Bakerstad,Illinois,29625,166.86090500,13.29145700
320,Morgan Warner,42,6275 Sanders Hollow,Port Johnberg,Oregon,53807,-50.33309100,-73.53627050
321,Larry Shields,75,25204 Lewis Divide Apt. 977,Christinaview,Rhode Island,06659,-34.13565800,-51.91441500
322,Robert Wolf,43,7353 Misty Wall,New Charlotte,West Virginia,35741,-75.33955400,48.15840900
323,Ruth Zamora,57,48804 Heather Station,Port Sheilaton,Wyoming,74265,41.19797800,-38.79260350
325,Daniel Jones,70,9780 Meza Courts,Wrightberg,Washington,44260,-23.98130400,77.09584250
326,Jennifer Nash,69,98846 Jackson Brooks Apt. 041,West Keith,Alabama,37436,-126.82000600,39.70322100
328,Debbie Moore,57,9275 Hanna Court Suite 367,Hudsonland,Utah,37630,-135.11037100,81.50244050
329,Oscar Whitaker,71,99797 Danielle Place Suite 423,Stephenborough,Indiana,36164,-59.62058200,72.40460900
332,Natalie Hunt,48,9479 Hobbs Streets Suite 841,West Katieton,Louisiana,19209,-125.34923200,73.32416850
335,Darrell Long,52,620 Holly Points Suite 641,Scottport,Mississippi,75754,-111.77423700,77.82154100
336,Robert Tate,70,1633 Gordon Locks,Ortegaborough,Minnesota,93109,-165.99692300,75.19704850
337,Richard Rogers,54,403 Hernandez Bypass Suite 325,Snyderview,Montana,00761,-16.65987900,-6.91278550
338,Charles Novak,65,787 Ward Road,Lake Jennifer,Florida,32686,-167.94363400,-31.92022850
341,Kathryn Garcia,41,675 Miller Ranch Apt. 761,Vasquezberg,South Dakota,22425,76.14817500,-23.82663650
342,Christina Kim,48,9735 Li Flats Apt. 753,Fergusonchester,Kentucky,30159,39.90937000,65.17576950
344,Victoria Smith,72,497 Amanda Way Apt. 870,South Adamburgh,Oregon,01394,103.60951700,83.60667050
347,Nicole Barr,72,08183 Matthew Islands,Sarahville,Kentucky,71038,-94.21084800,-58.08991800
348,Jennifer Garcia,76,9782 Lisa Gardens,West Johnathanport,South Carolina,58253,45.04935100,41.30734350
350,Courtney Robbins,77,449 Stephanie Well Apt. 664,North Kimberly,Montana,04005,130.89695300,1.24976700
351,Jerry Hood,42,673 Lindsey Plains Suite 720,Morganland,Minnesota,85814,91.18257600,4.00846200
355,Alex Price,50,206 Powers Mount,New Teresaport,Washington,82839,-67.26107900,-44.02218450
358,Ashley Peterson,51,512 Travis Hill Suite 323,Smithchester,Utah,08800,-119.59953900,-78.83327850
361,Mason Peterson,61,6826 Alicia Extension,South Steveton,Utah,63172,-75.58025100,-42.92834600
362,Jeffrey Brewer,43,625 Noble Ferry,Port Karenhaven,Tennessee,96064,-111.20321100,-78.27358550
364,Jessica Charles,44,26376 Miller Radial,Richmondtown,Maryland,13947,36.49896000,-24.29214250
365,Michael Williams,45,887 Ashley Stravenue,Paulamouth,Illinois,09021,77.35177400,53.05987250
367,Michelle Phillips,67,056 Coleman Wells Apt. 229,New Christinamouth,Tennessee,20648,118.24635800,45.80434100
369,Christina Ross,64,3107 Justin Mews,West Shaneton,Tennessee,69971,8.15213900,10.76053750
370,Maureen Bryant,52,633 Tracey Fields,Kevinberg,Kansas,67632,-58.63340500,-31.77031700
371,Joy Adkins,68,7422 Flores Prairie Apt. 145,Angelaburgh,Florida,31395,-78.21901600,-82.02020800
373,Sarah Huff,69,1579 Wells Meadow Suite 386,North Michelle,New Jersey,93878,-35.65231700,-40.55066550
374,James Anderson,70,13962 Kimberly Drives Suite 026,Perezview,Connecticut,98987,92.53437400,-81.13366450
375,Tyler Lyons,44,8159 Miranda Manor,East Jessica,Louisiana,32767,-164.72175400,-21.32078950
378,Andrea Nelson,75,26757 May Trail,Port Laurenport,Pennsylvania,27166,-139.92025800,-48.58656450
379,Chad Owen,57,6936 Walter Street,Jonesside,Washington,76135,17.32233100,10.67325850
383,Joshua Fisher,47,45397 Vincent Divide Apt. 473,Adamschester,Nevada,02758,-85.32974400,-57.55852550
385,Gabriel Foster,68,613 Dixon Mission,New Jorgechester,Indiana,35560,-105.17573100,-1.79433700
387,April Wright,80,68663 Bowman Crossroad Suite 843,Port Melissa,New Jersey,99302,29.98556600,46.99772350
389,Jeremy Clayton,60,443 Graves Mountain,West Cassandraport,South Dakota,06242,-139.44187000,13.74074800
390,Luis Thornton,78,091 Sarah Mountains,Shawnamouth,Utah,73390,36.21033000,65.98627100
391,Jerry Burgess,47,472 Murray Prairie,South Joyce,Oklahoma,03701,-56.43494300,-56.29336950
392,Kathleen Cox,71,8540 Danielle Plain,Patrickfort,New Hampshire,24992,-101.33220200,89.60585700
393,Justin Francis,47,501 Jones Junctions Apt. 737,East Sonya,New Mexico,77062,-5.65369100,81.63632750
394,Brianna Stuart,47,0632 Brooke Lodge,North Brandonview,Colorado,56577,10.97413800,77.43457800
396,Douglas Murphy,78,06902 Casey Route,Bowerschester,Wisconsin,56314,-149.68399900,29.03533650
397,David Johnson,64,2933 Taylor Squares,Davidport,Louisiana,44106,-70.17350800,-61.93696000
398,Michaela Hartman,62,86201 Victoria Flat,West Monica,New York,01818,-13.84618400,-17.26709850
400,Thomas Greene,68,18257 Ellis Brook,Millerstad,Maine,36178,-139.02086200,-13.20025600
402,Olivia Patel,44,78081 Peter Points,Sophiaville,North Carolina,77776,146.88248000,58.03437750
403,Brooke Thompson,42,1070 Campbell Ridges,Wongchester,Hawaii,22966,-71.69203200,60.46960400
404,Brandi Bell,75,081 Smith Via Suite 848,Shawbury,New Jersey,30219,115.24724000,-48.91815250
407,Kendra Daniel,64,559 Stephanie Rapids Suite 907,North Michaelmouth,Missouri,36770,127.67600200,43.18111300
408,Walter Patterson,73,918 Navarro Valley,Lewisfort,Vermont,66814,-159.58822400,-67.15007900
409,Kenneth Vasquez,44,94438 Jordan Key Apt. 651,Michelleburgh,Oklahoma,18674,-66.91519600,4.46761400
410,Thomas Wright,55,6461 Fowler Port,Emilyton,North Carolina,14135,-80.69964100,41.80713850
411,Andrew Butler,77,0690 Fuentes Circle Suite 399,Youngbury,California,33928,27.97295600,35.23790900
412,Donald Brown,56,47232 Proctor Manors,North Lori,Nevada,79354,-53.77184500,8.03304350
413,Robert Martin,66,04537 Courtney Ways,New Victoria,Idaho,92489,171.62410600,-77.02393950
415,Shane Kennedy,63,9828 Duncan Ramp Apt. 231,New Peggyfort,North Dakota,96050,-24.85444300,21.73190600
417,Jessica Herrera,74,148 Leon Valleys Apt. 381,Julieville,South Carolina,80686,-115.79449900,-42.65343150
420,Deborah Stone,72,595 Wright Greens,New Bryan,Indiana,84461,117.50652400,-60.65521700
422,Rebecca Wilson,62,294 Pierce River,Lake Lisa,West Virginia,27352,-137.27832700,-12.48421600
423,Amanda Brown,77,882 Hall Forge Apt. 296,Lake Ryanberg,New Hampshire,11725,60.79610300,65.31967000
424,Pedro Roman,47,676 Johnson Run,Jameshaven,West Virginia,07689,63.05100100,-77.93930150
426,Rachel Mooney PhD,61,835 Christopher Turnpike,Patriciaview,Florida,16406,-166.20427800,-11.29330250
427,Joshua Barnett,60,3675 Michael Greens Apt. 820,New Danielstad,California,18155,99.59558900,-7.26585350
428,Aaron Lewis,63,9975 Randall Lock Suite 772,Hancockfort,South Dakota,21188,-173.00833100,69.27667000
429,Joshua Hernandez,77,6829 Adams Cove,Meghanton,Idaho,99043,-86.90904800,18.81314500
430,Jennifer Mack,61,16676 Flynn Squares Suite 026,Nataliemouth,Tennessee,95158,20.44596000,-76.72500850
435,Caleb Morales,49,45605 Kristen Ports,Jacquelinehaven,Texas,88360,143.83196700,35.81666400
438,Kim Fisher,75,0897 Sara Valley Suite 908,Foleyport,West Virginia,48774,-93.39632500,-79.08725850
439,David Payne,42,1630 Sarah Mission Suite 853,Hardyland,South Carolina,39614,-103.75906300,-38.18462100
442,Becky Glass,50,473 Michael Prairie Apt. 880,Clarkebury,Nevada,84250,55.48623300,-66.63503450
444,Stephanie Patton,65,639 Dixon Orchard,East Drew,Ohio,67977,-119.53606700,-5.53292600
446,Wendy Jordan,80,61277 Shannon Lake Suite 104,South Shane,North Dakota,15722,-150.59743300,72.68527050
447,Ian Miller,80,581 Jamie Greens,East Zacharystad,Nevada,92564,96.00834500,34.34410400
448,Alex Rhodes,67,7140 Michael Wells,Lake Rhonda,Nebraska,15341,53.10843000,20.96335800
449,Kyle Booker,59,3493 Lloyd Parkways Suite 332,Yatesfort,North Carolina,32213,116.93048500,-27.87836150
450,Judy Barnett,46,843 Gardner Pass,North Thomas,Tennessee,01115,81.93944400,-52.92428350
451,Thomas Wilkins,57,8446 Jackson Center Apt. 338,New Danielle,Texas,36845,41.58762100,36.61533300
452,Greg Walters,68,96996 Chavez Knolls,Rebekahville,West Virginia,17944,44.32794300,-81.02978400
453,James Weber,44,7379 Lori Fort Apt. 584,Nicolebury,Minnesota,81823,153.15562900,11.97881000
454,Courtney Cruz,74,501 James Village Apt. 327,Stewartburgh,Maryland,07506,36.66164300,34.90138850
455,Allison White,78,5393 Kristina Estates Apt. 116,Lake Carla,North Carolina,88361,19.57955200,65.06363950
456,Richard Ross,66,676 Patricia Heights Apt. 669,South Stevenbury,Tennessee,81740,-106.12383900,8.84323050
458,Matthew Perez,58,564 Anna Rapid,New Tonya,Minnesota,99303,25.25992700,-56.46167650
459,Mallory Wilson,67,7555 Christopher Gardens Apt. 290,Shawnburgh,South Dakota,16772,32.78005900,-18.78323300
460,Christopher Hubbard,70,9263 Amanda Stravenue,East Robert,New Jersey,32688,115.59077000,69.42706550
461,Richard Shaffer,80,6977 Yu Valley Apt. 350,South Bradleyland,Wisconsin,67645,39.88901900,-65.08556550
465,Peter Bell,52,151 Emma Street,Lake Robertfurt,Maine,23547,-57.78809900,-20.94071500
466,Joshua Campbell,63,21192 Matthew Street,South Stacy,Tennessee,67882,-171.67442700,-35.29552350
469,Dr. Monique Smith MD,49,556 Jon Stream Apt. 099,Lake Thomas,New York,97317,-12.14761600,-51.63117150
471,Lauren Calderon,64,67570 Landry Keys Apt. 649,Boyerchester,Colorado,80832,87.12400500,49.80846000
475,Jason Tucker,73,86311 Stacy Ports,West Davidview,Kentucky,15925,-92.71096200,89.76050500
477,Christopher Luna,71,69810 Lowe Ridge Suite 268,Javierton,Florida,49209,121.18590900,-35.27166550
480,Veronica Bennett,78,61271 Melissa Way,Parkerburgh,Hawaii,66258,67.60290400,58.17854650
481,Abigail Meadows,72,8948 Johnson Brooks Apt. 755,New Brooke,South Dakota,92404,-16.90149100,-19.47484200
483,Douglas Bishop,63,530 Dennis Plains,South Philip,Alaska,31090,-136.89161400,-33.12623150
485,Andrew Adams,68,699 Samantha Mountains Suite 682,West Loriton,West Virginia,85004,54.94800100,-83.95106250
486,Michelle Decker,67,7130 Underwood Turnpike,Steeleborough,Nevada,59836,-72.43823400,30.93530200
487,Colleen Brown,44,13996 Simmons Creek Apt. 532,Port Jack,Indiana,57944,77.39161100,-16.71087750
488,Andrea Morris,43,03234 Scott Oval,North Manuelborough,New Jersey,47230,-43.49002600,-52.50801950
489,Zachary Berry,59,9355 Cohen Mission Suite 472,Camposborough,Indiana,19442,-73.61202400,35.75138350
492,Lindsay Jackson,61,6580 Curtis Freeway Apt. 575,Diazland,Missouri,90619,170.88820200,-27.22563550
493,Sandra Rodriguez,70,706 Thompson Crossing,Maryshire,Maryland,67483,-27.84201600,-24.51426650
494,Deborah Harris,75,1873 Wade Pike Suite 313,Lake Sarah,Iowa,70297,134.92089100,83.17299900
496,Haley Hall,49,81725 Roger Ridges,North Julia,California,95235,-130.81515200,82.00050200
497,Joseph Jackson,56,2497 Moore Greens,Christinaton,Washington,74799,119.98594000,-61.51350650
499,Justin Nelson,47,6453 Gill Pike,East Michael,Ohio,90998,-27.92544800,-27.24251100
500,Heidi Taylor,46,92962 Diaz Bypass Suite 049,Port Lawrence,Alaska,45692,93.76820600,-68.70795850
502,Catherine Miller,42,398 Patrick Well Suite 110,Dudleybury,Massachusetts,56117,-49.87705500,-53.66599050
504,Edward Cameron,71,08826 Walls Shoal,New Tracy,Mississippi,66264,-117.74508300,-69.01749900
505,Alexander Lambert,66,5420 Taylor Spur,West Donna,North Dakota,22158,-48.53969500,-63.01280800
506,Shelby Banks,78,051 Washington Hill Suite 433,Victorborough,Pennsylvania,00970,16.95218900,83.13149850
507,Robin Leon,71,73439 James Street,Zacharyhaven,Maryland,18939,135.70632300,22.73171450
509,Shane Rodriguez,70,942 Kathryn Place,North Charles,Georgia,09532,-151.59727800,47.74483700
510,Jeremy Bridges,68,53054 Brian Underpass Apt. 619,East Jocelynville,Colorado,52381,-178.76855000,-36.27388800
512,Timothy Melton,65,7149 Mary Roads,Reynoldsbury,Virginia,81845,121.67446900,-9.04561150
513,William Cole,56,6162 Randall Junctions,Quinntown,South Dakota,49003,31.56752000,86.02640800
514,Kristin Daniel,42,3295 Franklin Terrace,Ortizberg,Arizona,19166,-34.84267100,45.51338950
516,Audrey Harvey,80,6054 Cohen Radial Suite 373,Hammondfurt,Georgia,74924,-86.44515300,64.64236350
517,Ashley Jones,46,3435 Wendy Way,South Kyle,New Hampshire,84495,-124.04020400,37.68689750
518,Donna Moore,41,3552 Hernandez Grove,Proctorchester,Tennessee,97686,-38.83679600,-88.61575200
519,Sarah Guerrero,58,228 Sanders Loaf,North Edwardland,Texas,72076,-155.95357400,83.59296950
520,Megan Fischer,45,80607 Watson Light,East Benjamin,Missouri,66492,-174.87722300,-76.53062400
524,Jason Scott,54,7487 Hernandez Loop,West David,Utah,64185,172.76012800,-72.91398900
526,Patricia Delgado,54,40861 Jessica Alley,Josephstad,Connecticut,90653,84.13788700,-11.40244700
528,Shane Dominguez,52,31451 Zimmerman Shore,Guerrafurt,Maryland,48096,-74.17323600,-51.79963550
529,William Johnson,79,4034 Powell Lights Apt. 687,Mclaughlinport,Mississippi,64057,34.08891300,50.95248600
531,Nicole Turner,67,928 Sara Station Apt. 546,East Michele,Massachusetts,71027,67.59330100,-61.76206650
533,Bruce Duncan,47,016 Jack Run,North Jeanside,Idaho,91424,30.23132400,75.13333800
535,Erika Cantrell,42,64456 Mendoza Hills Suite 452,Shahland,Wyoming,23914,-44.07897300,-76.71611450
536,Michael Sullivan,43,41521 Michael Corners,East Aaronstad,New York,59419,-97.08545200,-24.01701200
537,Maurice Adams,64,9726 Robert Key,South Phillipberg,Alaska,32395,-13.07523400,-37.40989200
538,Edwin Allen,63,14412 Kevin Via Suite 100,South Peter,Wisconsin,32333,60.24099900,-19.35702800
539,Steven Lopez,67,0524 Smith Wall Apt. 054,Joelstad,Oregon,04860,74.54051400,66.25694400
541,Joshua Jensen,48,51142 Juan Island,Brianchester,Colorado,52430,122.22222100,-39.87491050
544,John Kline,58,0139 Richard Knolls Apt. 168,North Brianchester,Oregon,02771,154.03207600,-31.44764450
545,Sarah Young,45,6322 William Crossroad,South Kathleenberg,Rhode Island,51503,170.28575700,-52.80677900
546,Brittany Lee,61,70867 Ashley Ways,Bakerborough,Indiana,50607,-73.82189100,87.02807850
547,Jeff Spencer,72,2766 Chapman Centers,Shawport,Wyoming,02906,-22.94998400,40.08615700
548,Darren Rice,66,1006 Fletcher Pines Apt. 547,East Dawn,Louisiana,57338,-121.76250000,30.23003350
549,Ronald Sanders,74,632 Smith Ridge Suite 041,South Michael,New York,72754,-90.96875000,51.08028250
550,Albert Murphy,58,18496 Morales Plaza,Petersonbury,Indiana,80165,-12.10619300,-39.98443300
551,Deborah Hensley,80,49646 Judith Greens,South Johnathan,North Dakota,08266,-53.33628000,47.58091300
554,Seth Rodriguez,65,5522 Gardner Glen Apt. 917,North Meganhaven,Kentucky,76639,28.12804200,14.03519500
556,Lisa Hall,69,5279 Salinas View,Joelville,Virginia,71755,15.67407400,58.14977250
557,Timothy Butler,73,9012 Peterson Mountain,Bakermouth,Arizona,17207,43.52520900,56.08330050
558,Samuel Carey,75,503 Fleming Creek Apt. 211,Lake Rodneybury,Louisiana,12685,66.43036100,-40.01623400
559,Kayla Moore,62,6470 Maria Shoals Apt. 372,Aguilarfort,Minnesota,57351,-159.37223600,58.65969450
564,Robert Howard,47,23100 Park Lake Suite 828,Johnfurt,Colorado,74239,-74.97701000,10.18309600
567,Michael Bradshaw,67,36698 Amanda Wells Apt. 297,Lake Josephbury,Kansas,42758,-167.02928900,78.25328900
571,William Valenzuela,72,137 Watson Square Suite 641,Kevinshire,Missouri,69458,-12.81219700,80.51035750
572,Tony Romero,43,124 Nathan Place,Andretown,Connecticut,62034,127.63921800,48.33901950
573,Breanna Garrett,41,46062 Sabrina Lakes Suite 924,Lake Jasmineburgh,New Jersey,77902,-99.09247300,28.52518750
574,Jacob West,80,4440 West Light Suite 258,Palmerfurt,Alabama,97618,-129.12860100,-12.39006050
575,Stephen Dixon,68,6203 Norris Square Apt. 658,Gregoryville,Indiana,89728,-63.28191700,-50.55405200
577,Melissa Guerrero,46,812 Lee Ranch,West William,North Dakota,70678,-89.60670700,-68.05041900
578,Mathew Campbell,76,007 Danielle Locks,Mooreport,Montana,89695,70.07967500,-40.27430500
579,Travis Wood,63,4768 Wilson Plains Suite 539,East Tina,Minnesota,99461,-163.43949800,-67.57598900
580,Christopher Brown,75,2990 Dean Manor Suite 427,Meghanberg,Maine,52519,-124.58587200,56.50772950
583,Lisa Miller,49,357 Jeremy Inlet,Beverlyside,Hawaii,63079,-128.98499700,-65.46388100
584,Justin Smith,65,536 King Freeway Apt. 873,Kristinaview,Maine,36578,121.01350900,-20.52831150
585,Lisa Benson,69,7808 Buchanan Lakes,North Troyville,Delaware,88866,-176.19932800,36.97127700
586,Kimberly Guerrero,68,721 Reeves Glen,Samuelberg,Nevada,46806,77.27162800,27.04428450
589,Crystal White,63,70333 Brenda Ways Apt. 543,North Robert,Nevada,14168,-95.02966800,28.67830750
590,Daniel Reyes,78,632 Samantha Greens Apt. 967,Andersonfort,Georgia,74132,1.75552100,66.98770100
592,Amy Hall,62,6564 Cook Parkway,Webbmouth,Kansas,82568,-161.94157400,-66.18510950
593,Michael Waller,64,52053 Daniel Brook Apt. 726,Port Brandi,Michigan,12467,-73.25198200,-25.66847550
597,Courtney Greer,76,304 Morales Groves,Port Brendachester,Michigan,06552,170.40454600,1.78668050
598,Natalie Rodriguez,58,373 George Overpass Suite 925,West Lisaside,Virginia,32056,165.96033200,69.34712450
599,Shelia Brown,73,7329 Matthew Shoal,Markshire,South Carolina,02674,-58.66981500,42.51662500
601,Alan Yoder,66,51820 Deleon Green Apt. 976,Port Randall,Maryland,53278,76.18915700,60.44029350
602,Jennifer Carson,73,4128 Gonzalez Creek Apt. 067,Lowefurt,Minnesota,36852,-59.75461400,-67.06148250
604,Angela Salinas,42,5122 Huerta Lakes Apt. 500,Cassandraville,North Dakota,78061,22.78921700,31.99448800
605,James Pruitt,78,031 Daniels Roads Suite 193,Dianachester,South Dakota,79132,110.57459100,-68.96372600
606,Joanna Shaw,52,4351 Michael Rest Suite 127,Port Pamelafurt,Arkansas,29859,169.16567200,69.78238150
607,Debra Brady,67,8043 Edwin Hills,Port Ariana,Idaho,16157,22.03760100,-80.26268450
608,Leah Ward,50,3299 Byrd Path Suite 016,South Timothytown,Wisconsin,97046,-25.01306700,45.51799600
609,Jill Webb,46,05957 Scott Mall Suite 312,East Lisa,Alabama,36506,17.65353700,-24.29097900
610,Richard Davis,54,032 Ryan Wall Apt. 132,South James,South Dakota,95788,-115.18404700,55.95283800
611,Alejandro Lowe,44,604 John Ville,North Rhondaside,Nebraska,29793,123.76172800,-24.76234900
615,Lori Avila,79,04527 William Trace Apt. 461,West Cynthiaborough,Oregon,93706,38.50220500,73.97241500
616,Tara Huerta,55,1738 Walker Track Suite 960,South Stevenbury,Connecticut,72339,-27.04804800,63.41054350
619,Walter Tanner,69,930 Joseph Cove Suite 208,South Marissa,North Dakota,73828,145.58388400,75.29910650
621,Vanessa Byrd,68,85340 Perry Highway Suite 879,Hannahport,North Carolina,89596,-19.75965400,29.36192400
622,David Wilkins,75,483 Sean Trace Suite 022,Elliotthaven,Alaska,28443,88.02050900,71.81932150
623,Jeff Austin,75,8675 Linda Heights,Singletonland,Indiana,57862,-70.32678600,-0.28981450
624,Melissa Parker,46,226 Rhonda Club,East Donald,Mississippi,57590,-9.90793100,6.30508000
625,Hannah Valentine,76,255 Bonnie Overpass Suite 958,Ericland,South Dakota,65038,3.28008000,-12.10213200
626,Tiffany Alexander MD,80,4101 Christopher Circles,Hernandezland,Tennessee,09471,73.88291900,-41.62264200
627,Derrick Morris,72,7456 Randall Brook Apt. 422,Philipchester,Oregon,59072,21.14670200,-82.89437650
628,Cynthia Williams,44,161 Jonathan Summit Apt. 126,South Mark,Hawaii,53448,-154.78195300,68.14265800
630,Nathaniel Ferguson,77,4221 Pearson Throughway,Allenmouth,Indiana,49803,-101.16413400,57.19745800
631,Michelle Black,80,015 Kim Cape,Williamsshire,Ohio,40182,11.90396000,-1.52863800
633,Susan Pruitt,41,70158 Kline Canyon Suite 102,Debbiemouth,Vermont,18937,163.08208300,11.25909400
634,Megan Gonzalez MD,46,7864 Smith Plains Apt. 706,Gonzalezhaven,South Dakota,56398,-167.26076500,70.02653300
637,Grant Booth,64,37535 Johnson Squares,Lake Kathryn,Wisconsin,31055,167.57932800,25.69074050
638,Michael Miller,41,4961 Louis Mountains Suite 580,Antonioton,Oklahoma,78646,87.21525200,14.79673350
639,Theresa Mcknight,62,02093 Teresa Bridge Suite 835,South Amanda,Washington,76251,-171.07395400,-84.55560050
640,Jeff Johnson,51,99070 Thompson Fields Apt. 885,Mendezfort,Florida,92717,11.16667600,-83.87426500
641,Alicia Johnson,45,588 Mathew Route,Lake Matthew,Connecticut,22748,-13.14708900,-0.02989600
643,Denise Todd,67,19058 Howard River,Harrisonborough,Illinois,98741,-8.12605200,-32.60309650
645,Eric Sharp,64,261 Edwards Mount,Torresport,New Hampshire,68175,177.10995800,76.37101250
646,Michelle Shaffer,50,019 Hamilton Ports,Jenniferton,Connecticut,85948,-98.40165600,-18.99701450
648,Mark Smith,53,89062 Rodriguez Pines,Cynthiaville,Colorado,34277,33.63123600,-29.70055300
650,Nicholas Moore,77,775 Chad Skyway,Mannview,Alaska,34326,-171.51896200,4.99297150
651,Chad Lloyd,77,4731 Gallegos Manors Suite 799,Port Jonathanfort,California,40826,-42.54270300,74.05874150
652,Amanda Flowers DDS,44,9328 Julia Neck Apt. 381,Port Shelby,Massachusetts,82587,-71.62770000,-44.12212750
657,Matthew Cruz,55,11062 Tiffany Knoll Suite 711,Suemouth,Connecticut,89553,-27.00262300,35.42169650
661,Christine Smith,66,53954 Cathy Causeway Apt. 818,Port Andrewport,Iowa,91486,-38.81819500,-8.54007700
662,Linda Howell,45,95552 Short Ranch Apt. 796,Coffeyfurt,Kansas,53523,107.41635100,-59.21062300
663,Benjamin Fox,77,6007 Jimenez Pass Apt. 740,Smithland,Rhode Island,99040,12.33638700,-22.16217250
664,Justin Rowe,66,84684 Joseph Pike,Lake Bonnie,Pennsylvania,16706,-66.65128000,67.91713400
665,Valerie Carr,60,62880 Joan Hill Suite 943,West Timothy,Vermont,98960,-15.21419300,-65.65769450
666,Victoria Olson,55,33635 Brown Isle Suite 097,Manuelfurt,South Dakota,10129,-88.44534000,-36.64622400
667,Rachel Hill,69,2933 Yates Oval Apt. 623,Danielmouth,Tennessee,59568,-44.67805400,-11.64122300
668,Bryan Schmidt,56,5384 Christina Squares Apt. 430,New Carrieport,Nebraska,30108,-57.03455600,2.19374800
670,Danielle Sanchez,58,1014 Hall Meadows,East Jennifer,New Mexico,62593,-120.39372600,12.11423750
671,Donna Ramirez,57,1689 Joshua Estates,East Andrew,Kentucky,83376,76.69008100,78.94349650
672,Elizabeth Chavez,79,2759 Jacqueline Harbors Apt. 403,Port Matthewstad,Utah,91375,-58.07244500,-52.48216100
673,Karen Lynch,50,913 Walker Parkways Apt. 666,Johnsonland,New Hampshire,65629,-168.90072500,-14.86031150
674,Edward Green,75,18366 Daniel Views,Harrisshire,Colorado,41301,-75.93534300,-60.75241300
675,David Obrien,71,848 Williams Trail,Mckinneyland,Illinois,00951,139.41462700,-15.81335550
676,Cory Cohen,49,3912 Jeremy Shores,Lake Jacqueline,Vermont,38450,-67.56352800,25.19488900
678,Chris Taylor,78,8193 Castillo Coves Suite 522,Rogersshire,Tennessee,84458,139.64142900,-63.42184200
679,Christina Flores,62,76435 Amy Orchard Suite 631,West Stacey,West Virginia,92295,-16.86942500,4.63398700
680,Roger Mcdonald,58,5514 Robert Roads,Pollardmouth,Minnesota,61835,147.52770200,7.72232450
681,Zachary Hoover,58,018 Smith Flat Suite 545,Harrisland,Wisconsin,26719,38.38009200,2.02306150
682,Savannah Anderson,74,61598 Davis Dam Apt. 493,New Kyle,South Carolina,02568,-172.24649700,-25.29205800
683,Pamela Navarro,48,19649 Medina Plaza,Browningborough,Oklahoma,52848,86.86878100,4.13107550
684,Amanda Gonzalez,42,909 Kathryn Street,New Pamela,California,52580,153.28175200,63.89896850
685,Emily Cain,74,17937 Kimberly Trace Apt. 645,Timothyport,North Dakota,89495,92.16174500,-33.84605750
686,Steven Green,49,0112 Timothy Extensions,Davidhaven,Idaho,66963,53.58935400,21.33357850
687,Christina Brady,71,92911 Lisa Greens,Garciashire,Montana,68441,115.22383300,-4.83321650
691,Olivia Arnold,58,550 Christina Cove Apt. 201,West Julie,Arizona,95596,-6.81183600,-31.59051100
692,Sally Norton,67,6231 George Spring,Colinberg,Oklahoma,12499,99.74114100,-76.18217200
693,Margaret Mcdonald,75,9074 Proctor Greens,Edwardfurt,North Dakota,55636,81.02252800,49.80230950
695,Leah Washington,57,47911 Anthony Trace,North Kaylafort,Tennessee,94650,4.49017000,-50.96181500
696,Todd Lawson,77,44480 Emily Valley,West Kerryfurt,Minnesota,06174,61.34650000,-15.83787250
701,Melissa Malone,65,385 Bryan Keys Suite 701,Morganberg,Delaware,10485,-51.62292400,8.58660000
703,Michelle Holloway,79,8031 Bradley Fields Suite 450,Cohenport,North Dakota,59025,26.93922700,38.17025950
704,Susan Kline,70,348 Sarah Common Suite 230,Perezmouth,Idaho,04720,-80.14156500,-20.47195600
705,Zachary Leonard,41,41396 Williams Crossroad,Evansside,Washington,74335,-173.41416600,48.67393150
706,Jonathan Phillips,59,39270 Joseph Plains Apt. 909,East Barbaramouth,New Hampshire,69046,43.80528100,86.07272450
707,John Davis,60,3505 Young Grove Suite 541,South Miguelhaven,Montana,39365,29.13333200,-72.45760450
708,Mrs. Amber Anderson,50,6949 Nicole Fork,Willieton,Hawaii,31495,-52.71800400,85.47110600
711,Jonathan Dennis,80,1983 Bailey Rapid,North Susanton,New York,20083,-116.11529300,-85.47862400
712,Deborah Kelley,66,0860 Schultz Club,South Erikfort,Iowa,74210,136.81191000,-47.68642050
717,Gary Ward,47,30550 Linda Village Apt. 094,East Chloe,Illinois,02588,8.16521300,-29.28959350
718,Jamie Davis,46,0742 Eugene Creek Suite 035,Port Brettmouth,Iowa,60905,-121.20546600,14.15737350
720,Joy Reed,41,0943 William Field,Christopherhaven,Minnesota,78506,61.10756500,-64.90829300
721,Aaron Robertson,69,652 Katrina Springs Apt. 891,North Sandra,Maine,31168,108.74214200,34.68214400
722,Christine Price,67,426 Keith Valleys,Lake Ryanfurt,Arizona,66129,-120.05315800,37.01157450
723,Zachary Adams,52,13196 Tammy Place,New Sydney,Idaho,03493,-25.23121800,30.87151150
724,Carlos West,53,192 Kirby Roads,North Saramouth,Missouri,28743,-127.17402500,-28.70248750
725,Amy Parker,68,37169 Anna Wall,Wendyburgh,Missouri,76118,88.05929400,-37.30832550
726,Melissa Rogers,77,89999 Stephanie Summit Apt. 419,North Felicia,Michigan,58725,-54.98918700,32.95203550
728,Jeremy Smith,62,802 Vaughan Shore,Javiermouth,New Jersey,85912,-69.55642400,18.97123450
729,Angela Oconnor MD,67,69393 Maria Creek Suite 308,Shannonport,Idaho,81956,-131.83122000,45.06395000
731,Joseph Taylor,50,568 Murray Expressway Suite 494,Connieside,Nevada,59648,157.71468500,-75.83596800
732,Mary Becker,78,3877 Katie Via,South Kevinshire,North Carolina,53743,25.72571900,-68.63895800
735,Gina Wilson,60,15675 Jennifer Plains,Halemouth,West Virginia,82471,19.32971300,83.92940500
736,David Solomon,49,0806 Kline Mountains,Floresburgh,Maryland,68065,-118.28469000,61.87686450
738,Raymond Coleman,58,3540 Gomez Estates,Christopherchester,Utah,96933,-81.16859500,-48.73556750
739,Michael Rodriguez,48,49714 Kim Track Suite 513,Rodriguezburgh,Idaho,90068,-158.62819400,-21.95118250
740,Robert Sanchez,61,332 Amy Ranch Apt. 503,Christinamouth,Oregon,13572,149.54824300,88.95491350
741,Mr. John White,77,2472 Sanchez Drive Apt. 734,North Kylechester,Texas,67234,-106.60812300,-81.51624200
742,Andrew Reed,51,2190 Bailey Pass,New Traciehaven,Hawaii,91188,-125.08787800,-34.75142750
743,Daniel Johnson,69,006 Jon Shoal Suite 995,West Natashaberg,New York,64699,73.79832400,88.13759300
744,Alexandra Strong,78,661 Nicole Greens,Port Jonathanfurt,North Dakota,07559,80.50472300,22.93079750
745,Theresa Gomez,58,79651 Rodriguez Hills Suite 776,North Megan,Illinois,74976,-32.17679300,-82.89704300
747,Russell Howard,44,4282 John Gateway Suite 034,South Christy,Mississippi,01829,-98.19133200,-66.87945000
749,Angela Lee,47,5305 Anderson Overpass Apt. 387,Kruegerchester,Illinois,29267,140.17999600,-35.05060500
750,Eric Buck,67,28134 Hanson Burgs,Kyleview,South Carolina,30414,-75.67784400,-13.63480450
751,Micheal Butler,45,966 Kelly Plain,Walkerhaven,South Carolina,92606,176.92861300,38.54866150
752,Leah Wells,44,8403 Reed Landing,South Devin,Oregon,66011,156.06932000,-83.53486300
753,Rebecca Donovan,52,506 Allison Harbor,Reedshire,Maryland,10841,48.08940400,62.17225550
757,Jennifer Gomez,52,55646 Timothy Mountains Apt. 321,New Tanner,Arkansas,96374,-54.88582900,77.42290850
758,Mrs. Angela Craig,60,505 Amber Mountains,Thompsonland,Utah,15424,140.50283400,-16.40185200
760,Kathleen Cooper,74,557 Baker Walks Apt. 813,Rogersmouth,Massachusetts,21377,98.87980100,17.13494600
766,Rebecca Williams,46,3275 Timothy Manors,Lake Cynthiaside,Oklahoma,88073,133.70807700,58.29720200
767,Kathryn Sanchez,50,10419 Stacy Heights Apt. 284,West Joshua,South Dakota,53986,17.91340800,-40.04587500
768,Becky Aguilar,66,99249 Michael Dale Suite 710,Simmonsville,Kansas,76757,-142.28922000,41.69518600
769,Carmen Schwartz,63,0893 Bridges Bridge Suite 333,Lake Matthewfort,Maine,11323,161.12935100,-52.99887900
770,Shawn Jackson,43,895 Owens Motorway Apt. 914,South Amybury,North Dakota,25834,-11.53726400,9.69693800
771,Autumn Brown,51,842 Kelsey Bridge,North Debrachester,Pennsylvania,19001,-122.13519300,15.41346150
772,Robert Mckinney,52,02331 Michael Squares Apt. 880,North Nicholas,Mississippi,14646,129.09672700,-48.62356300
773,Jacqueline Mccann,76,2258 Perry Divide Apt. 741,Eugenemouth,Massachusetts,82265,-98.83472700,-29.07584450
774,Jeffrey Crawford,64,24684 Bailey Union Apt. 465,Dianaland,South Carolina,40078,-174.68778900,-61.72392650
775,Holly Morgan,74,1610 Kathy Oval,Port Taylor,Tennessee,25210,69.83129100,69.43718550
776,Jonathan Huffman,57,9917 Ross Turnpike Apt. 295,Bakerland,Virginia,61592,-6.38384600,-20.26874900
778,Joshua Sosa,45,12685 Diane Courts Suite 768,Hardyhaven,Alabama,33623,-48.65192600,-17.98388150
779,Kimberly Gay,54,473 Davis Grove Suite 098,Pughborough,Oregon,14852,117.48346300,81.05005250
780,Taylor Stout,77,6097 Jones Tunnel,Jacksonchester,North Carolina,81023,57.79224100,46.80366200
782,Shelby Harrison,46,494 Margaret Land Apt. 686,South Daniel,Oregon,75250,14.86998600,-37.63920400
783,Brenda Solis,47,0756 Michele Cliffs Apt. 683,Toniville,Michigan,83167,174.13343300,-36.86564750
784,Kaitlin Luna,48,811 Derrick Burgs Apt. 507,South David,Rhode Island,05638,150.97033700,89.05642150
785,Robert Garcia,56,683 Donna Wells Suite 058,West Stephanieview,Virginia,85434,124.10883200,-61.28400100
786,Matthew Lawrence,67,5194 Smith Ways Apt. 362,Jamieville,Nebraska,02651,113.14088900,86.69876150
789,Bryan Martinez,41,60355 Joshua Brook,North Dan,Ohio,13823,-136.57120900,18.73419550
791,Anthony Williams,63,843 Riley Trafficway Suite 629,Lake Gregoryberg,Rhode Island,24886,-15.37808600,-56.48928950
792,Angela Sharp,41,166 Pena Ville,Davisview,Alabama,60310,-35.37703500,-80.05940650
793,William White,45,4368 Melinda Orchard,Lake Normanhaven,Virginia,15316,-37.13769300,-89.72982550
796,Steven Willis,57,9990 Anthony Fall Apt. 125,Port Markstad,South Carolina,12052,-157.17243500,62.66873050
798,Brenda Kim,50,70886 Robert Meadows Suite 901,New Sydneyhaven,New Hampshire,16958,-49.76109700,-34.23222300
799,Ryan Baker,54,7057 Garza Mountains Suite 038,South Andrew,Rhode Island,10753,142.38290500,82.05271000
800,Troy Green,59,9146 Douglas Plains Apt. 061,West Derek,Wyoming,13080,-142.41313600,20.39023250
802,Juan Nash,50,771 Maxwell Passage Apt. 817,North Timothyshire,Arizona,63471,-52.20762900,75.46756600
803,Mark Harris,65,1407 Jackson Vista Suite 867,East Brenda,Rhode Island,88227,-16.41152200,87.95912600
805,Amanda Colon,57,541 Rebecca Park,Ambermouth,Arizona,85925,42.40075400,-86.30625900
806,Nina Alvarez,68,89464 Kerr Trail,East Christophermouth,Texas,68118,53.86743800,8.89479900
808,Matthew Castillo,68,9759 Alison Branch,Port John,Pennsylvania,65954,26.42721600,-58.24138550
809,Margaret Anderson,47,77073 Gray Ville Apt. 612,Richfurt,Mississippi,26575,-90.88770800,53.20316150
811,Eric White,66,63417 Hines Wall Apt. 630,Wilsonborough,Hawaii,77912,91.86441900,82.69250900
812,Michele Sanchez,72,740 Nicholas Hill,Lake Stacy,Connecticut,82382,-109.05686400,-24.75289400
813,Danny Sparks,45,5620 Garner Fork Suite 872,Bradtown,Indiana,62530,-40.61541300,58.72522750
814,Jonathan Mckinney,61,88527 Kyle Villages Suite 129,Hillville,Maryland,61738,28.38868700,49.96709350
815,Christina Johnson,60,74452 Ruiz Island,South Timothytown,Montana,20760,131.95890500,81.62826850
816,Ricky Allen,44,615 Ruiz Mountain,East Brooke,Delaware,85804,14.39223400,6.82094800
817,Jennifer Young,72,6555 Susan Isle Apt. 388,East Matthewchester,North Dakota,89748,161.57030700,48.59184250
819,Robert Moreno,61,94189 Michael Forges Suite 774,Lake Jesusville,Delaware,80138,-38.43030900,89.88971350
820,Keith Fletcher,74,526 Mark Mountain Suite 366,East Josephstad,Hawaii,09378,-155.37512000,-11.90858650
821,Michael Wright,46,7735 Victoria Forge,Stevensshire,Alabama,76606,-82.27388600,42.96724600
823,Sylvia Fisher,80,8479 Marissa Burgs,Hicksshire,Connecticut,92001,157.16492300,59.91113100
824,Alejandro Caldwell,54,5415 Brown Stream Suite 613,Saundersborough,Montana,42324,-121.08610600,53.54524400
825,Jorge Erickson,41,1204 Allen Haven Apt. 276,Jacobhaven,North Carolina,07276,-160.42562700,70.81828300
827,Samuel Hayes,48,194 Carol Spur Apt. 919,New Mikebury,New Hampshire,42089,151.13135000,-36.60524850
828,Colleen Dixon,45,428 Anthony Lights Suite 822,Donnaton,Maryland,87399,22.08500500,49.55919000
831,Ronald Wallace,78,22303 Isaiah Corner,Maxwellborough,Pennsylvania,88044,-143.05358300,-64.01979650
832,Christopher Weiss,72,1401 Livingston Parkways Suite 307,Smithburgh,Wyoming,33532,-17.80547000,19.52846850
834,Michael Lin,68,46378 Brown Summit Apt. 089,Amandachester,California,42806,-55.70417900,-83.84818650
835,Adrian Nelson,45,16402 Burke Prairie Suite 661,West Chad,Delaware,51124,65.80696500,15.23256550
836,Megan Simpson,46,386 Stacie Points,Claudiastad,Wisconsin,11524,40.81081700,10.34572950
838,Kathy Thomas,78,081 Richard Ferry Suite 037,West Mark,Indiana,17282,23.69679800,22.11512050
841,Dana Cole,75,08334 Sarah Parkways,Thomasbury,California,86282,-14.89809000,38.40987250
842,Kevin Rhodes,46,2304 Shannon Highway,Curtischester,Washington,45226,162.76327100,0.86697000
843,Mary Pittman,67,7398 Joseph Islands,Kristenville,Mississippi,87084,74.21145200,85.32272000
845,Andrea May,76,983 Amanda Squares Suite 542,Berryland,Nebraska,71807,-57.95257100,-17.07960100
847,Amanda Adams,58,99173 Jonathan Lodge Suite 229,Parkermouth,Wyoming,88506,8.28267600,-87.17794250
850,Megan Rodriguez,72,776 Abigail Trafficway,Lake Juanburgh,Nebraska,58851,-113.61069200,-54.28770400
851,Monica Chapman,53,4019 Sarah Burgs Suite 025,South Sandra,Nebraska,71263,63.63689800,63.00979000
852,Sherry Kerr,57,5220 Roberson Mission Apt. 911,Port Richard,New Hampshire,67309,-100.06893300,72.89920350
854,Joseph Shaw,53,7733 Watson Village,Baileyberg,West Virginia,89485,-130.75783300,-5.46980150
855,Jesse Wilson,49,33562 Gomez Dale Suite 322,North Chad,South Dakota,55995,-2.07874800,65.03569200
856,Christopher Benson,49,2317 Fisher Manor Suite 411,East Maxwell,Mississippi,67795,140.64250800,28.24640500
857,Derek Jackson,79,375 Jonathan Courts,South Ashley,Missouri,75612,-26.06271900,-12.55599200
859,Charlotte Spears,73,63425 Bishop Run Apt. 457,Littleberg,Georgia,15533,88.33753500,35.87638650
861,Sarah Thomas,64,1239 Robert Common Apt. 092,West Donald,Delaware,44740,126.44033100,-11.73086200
862,Brenda Hansen,73,981 Nicole Coves,Raymondport,Massachusetts,47669,13.44215100,37.83042400
863,Mary Bell,63,260 Rush Port Suite 299,East Logan,Alaska,24660,166.38037500,3.80447200
866,James Wilson,48,1771 Amy Falls,Melissabury,Arizona,27825,-76.00709600,-48.59989250
869,Morgan Roberts,57,7683 Mcintosh Turnpike Apt. 509,Benjaminchester,Arizona,57444,-29.29614000,15.39900050
870,Timothy Walsh,65,666 Hoffman Lights,Lake Ryanberg,California,90695,-37.61691300,51.94191550
871,Sabrina Chaney,46,2977 Michelle Route,New Lauriemouth,Missouri,18516,120.70224400,-69.70820350
872,Gerald Johnson,77,505 Johnson Trace,Arnoldmouth,Maryland,66043,-18.62867200,-23.35804700
873,Anthony Watts,56,0435 Welch Village,Port Williamstad,Kentucky,60347,140.74538300,7.15408950
877,Mrs. Cynthia Boyd,73,25734 Maria Loop Apt. 179,South Matthewshire,Washington,54959,2.49885100,-6.05264200
878,Mr. Ricky Cunningham IV,72,863 Rose Pine Suite 954,Pereztown,Pennsylvania,29855,-75.61653000,82.44384100
879,Emily Wolf,54,0104 Turner Manors,North Michaelport,Hawaii,36219,-22.05910700,60.94126900
880,Darren Evans,42,26123 Garcia Estates Apt. 645,Stephenport,Kentucky,80343,-55.39900800,-33.36309750
883,Benjamin Hanson,55,2431 Willis Spur Suite 941,Nicholasside,Florida,34986,-105.99017500,65.11854750
884,George Walker,47,84901 Valerie Locks,Lisaberg,Louisiana,71034,-34.46697600,-84.09221800
885,Aaron Boyd,43,2080 Mullins Locks,New Karen,Nevada,32095,-4.93482900,19.86981800
886,Ryan Medina,61,291 Hayes Ranch,Walkerbury,Maine,27523,122.81315500,-19.78669100
887,Susan Stephens,62,6534 Fuentes Trail Suite 669,East Reginafurt,Connecticut,27305,-26.01235500,48.78427100
889,Wayne Martin,58,691 Crystal Wall Apt. 507,Aaronton,Virginia,50798,102.11714600,-14.54971400
892,Pamela Vargas,72,876 Robinson Lake Suite 460,Markhaven,Alabama,11036,-68.11181400,-19.78634000
893,Nicholas Collins,66,962 Bryan Lakes,Jenkinsport,Kansas,19121,91.82793100,12.08047500
894,Justin Rich,76,7279 Black Plaza,Lake Anthony,Oregon,83243,-102.62927800,16.69221300
895,Kristi Lawson,48,635 Derek Extension Suite 564,Williamchester,Kansas,59067,54.40055900,43.23419850
896,Anna Nichols,43,03197 Sanders Manor,South Vickie,Nevada,21333,67.85700200,81.19514250
897,Dennis Kent,52,19757 Johnson Turnpike,East Stephaniemouth,Connecticut,64669,24.77497900,-19.06898550
898,Billy Welch,77,6200 Moore Ville,Port Haroldshire,Alabama,26553,-56.11044400,-10.84995650
899,Tracy Jones,57,618 Ware Glens,North Roychester,North Carolina,51726,-122.56655200,-64.18788150
900,Travis Nelson,65,64816 Shawn Mews Suite 740,Riveraview,South Dakota,46238,9.57303200,-57.34462650
901,Wendy Mendoza,50,454 James Islands,Chenmouth,California,14876,-20.05945900,-22.65887600
902,Amber Cross,45,52579 Beverly Track Suite 231,Leonardville,Michigan,27009,-179.86148600,6.49925550
903,Joseph Graham,52,672 Molina Camp,South Krista,Wyoming,69936,-164.62813700,0.79624450
904,Christopher Ramirez,43,9153 Lindsey Points Suite 895,North Henryhaven,Wisconsin,88446,-97.30484200,-68.32820950
905,Jessica Lee,78,943 Jody Estate,New Laura,Florida,31073,126.32731400,37.50742850
906,Pedro Chang,64,995 Martinez Cliffs,North Jenniferfurt,California,82437,22.43589600,-24.70099400
907,Jeffrey Price,75,8865 Norman Road,West Walter,Pennsylvania,45476,84.81357700,50.60127950
909,Mason Weber,46,243 Moore Key,West Tyler,Minnesota,99856,142.45264500,-23.04333450
910,Michael Bonilla,51,100 Jackson Cove Apt. 872,North Nataliestad,Rhode Island,23538,26.80718500,77.75940000
912,Erin Bennett,80,1245 Byrd Path,West Miguelmouth,Maryland,41424,34.44612100,-79.79117850
913,Sandra Combs,60,01255 Matthew Village Suite 118,Jasonburgh,Mississippi,62230,131.62372300,-29.00828700
915,Kyle Johnson,46,545 Foley Light,New Joshua,Kansas,42693,126.13212200,-51.62008200
917,Jesse Murray,45,487 Amanda Fort Apt. 058,Debraview,Louisiana,17880,106.27434300,-27.10580650
918,Connor Miller,62,89942 Jackson Expressway Suite 937,Millerfort,Minnesota,22437,163.51223000,36.38354650
919,Kelsey Branch,63,622 Wright Knolls Suite 756,Robinmouth,South Carolina,03653,22.36250000,54.48877650
923,Craig Burns,43,1789 Anderson Squares,North Kevinton,Alaska,76310,-19.80510300,-53.81206300
924,Daniel Kelly,43,7206 Evans Mews Apt. 926,Lake John,Washington,71770,-179.17040600,-2.55218950
925,Barbara Hawkins,62,8561 Mcintosh Land Suite 731,East Christinamouth,Texas,97239,-87.05852700,-4.94381700
926,April Perry,69,02160 Heather Avenue,Deanborough,Nebraska,14664,47.41359500,-79.94293050
930,Leah Murray,77,983 Black Causeway,Port Maria,Pennsylvania,54373,-40.62058600,3.33383350
932,James Perkins,68,858 Olson Union,West Lauren,Massachusetts,74207,143.99815300,-35.72265200
934,Sophia White,53,1587 Owen Passage,Joelview,Virginia,89854,90.66617500,-45.41691800
935,Jacob Fisher,69,6221 Rogers Islands,Kendramouth,Nevada,06007,-46.28597600,-68.22738900
937,Mr. Jeffery Scott,78,427 Charles Viaduct,Kimberlyburgh,Iowa,44542,17.93472100,-88.12999100
938,Curtis Lopez,45,60693 Aaron Plaza,New Melissaside,Colorado,83526,-6.46941900,44.82981250
939,Mary Michael,72,027 Lewis Trace,West Carolineborough,Kansas,78059,10.54073600,-4.14023450
942,John Lopez,65,631 Kim Gardens,East Laurenview,Ohio,13771,132.22287100,-17.54871600
945,Melissa Floyd,48,46827 Mitchell Land,Millerhaven,Idaho,40716,-169.11683000,67.55384500
946,Nathaniel Cross,48,592 Marissa Via Suite 391,Lake Gary,New York,29957,-78.32291400,83.25944600
947,James Evans,76,1958 Miller Ports,Port Patrickbury,West Virginia,81999,-135.77381200,19.89039750
948,Joshua Green,43,864 Kidd Light Suite 884,Port Patriciatown,Nevada,66270,34.67533000,85.42839150
951,Elizabeth Cooper,42,838 Bowen Circle Apt. 606,Port Samantha,Arizona,20889,59.39293500,75.06836000
954,Laura Johnson,52,53202 Martin Mount Apt. 541,West Patriciaburgh,Illinois,41262,-21.43513200,78.89347750
955,Jesse Perry,44,092 Mccormick Square,East Robertview,Montana,73078,-145.06831500,-32.98006150
956,Joanne Thomas,71,637 Eric Park Apt. 378,Haleview,Maryland,01285,40.43552300,-55.34115900
957,Kimberly Strong,52,4060 Thomas Meadow,South Tina,New Jersey,18561,-25.62006200,23.67747700
958,Jason Castaneda,59,439 Joseph Corners Apt. 320,Jeffreyville,Kansas,04744,88.82189800,-5.72849600
959,Patrick Ramirez,59,0421 Andre Hill Suite 396,Lowestad,Florida,22044,36.45667900,-19.16672150
960,Andrew Mack,60,1092 Chen Circles,East Victor,Wyoming,25069,161.43756400,10.33654550
961,John Floyd,41,68598 Travis Run,South Dylan,Illinois,00832,-66.69838700,23.18874550
962,William Moore,70,77889 Derek Bridge Suite 270,West Christinafurt,Nebraska,80366,125.21930400,88.18771200
965,William Lyons,78,259 Reynolds Estates Suite 859,West Brianberg,South Dakota,72460,-51.55995600,-17.99327350
968,Allen Thompson,74,420 Gates View Apt. 368,Toddville,North Carolina,46300,-102.35617200,57.93779500
969,Lee Collins,68,86063 Summers Brooks,South Jenniferton,Louisiana,29312,-175.91522500,-82.82820400
972,Malik Wood,74,072 Shannon Meadows Suite 436,North Susan,Indiana,86467,21.61974000,-49.72982550
973,Sabrina Coleman,72,28024 Owen Square,Amberton,Iowa,88515,-8.91398300,-3.01435300
974,Stephanie Hansen,73,89139 Sierra Bridge Suite 485,Lake Jason,Arkansas,06458,-52.39791000,-51.52109500
977,Steven Le,56,705 Mayo Ridges Apt. 558,Brittanyport,Pennsylvania,20910,-20.32903000,-79.06327000
981,Aaron Morgan,63,80719 Randall Garden,Juarezville,Pennsylvania,72675,74.63950400,66.82910600
982,Mrs. Lisa Smith,78,971 Ross Street Suite 965,North Jonathanfort,Alaska,47210,-46.42955200,-89.17581750
983,Jason Gonzalez,61,5299 Melton Locks Suite 693,Millertown,Alabama,90556,-140.67773500,-36.13041150
984,Michael Lopez,69,64580 Smith Garden Apt. 647,Stanleyfurt,Utah,91201,-114.34869200,-27.14931650
985,Derrick Baker,60,65768 Zachary Expressway,South Nicholasburgh,Nebraska,61398,-35.37289200,15.80928300
986,Brian Hernandez,74,264 Murphy Crossroad Apt. 704,New Charles,Georgia,36549,-86.50713100,80.12207200
987,Christine Smith,67,19013 Graves Mountain,Andrewborough,Colorado,03328,-49.85098100,-71.18677050
988,Isabel Smith,46,28158 Young Ferry,Mullenhaven,Iowa,36701,88.34973800,-31.20559050
989,Raymond Barrett,45,7355 Karen Lodge Apt. 618,East Kimberly,Ohio,71446,110.83706700,-51.58879400
990,Cody Miller,75,7046 Robinson Shoals Suite 283,West Matthew,Alaska,11551,-15.38590500,23.51473450
992,Kristine Morgan,69,730 Lowe Unions Apt. 748,Wrightshire,Washington,42547,10.16475200,-62.98327100
995,Michael Schaefer,68,61962 Kayla Harbor Suite 029,Francisland,Alabama,32531,-137.22310600,-37.19899050
998,Amber Lester,56,50833 Eric Mall,Jeffhaven,Kentucky,38194,82.95921300,-46.70552750
999,William Villanueva,71,58373 Duke Causeway Apt. 539,North Joannborough,Maryland,07196,51.70586500,-25.70462500
1000,Joshua Ho,69,345 Martinez Keys,Amberchester,Kansas,78206,23.82346700,-67.76556900
